<?xml version="1.0" encoding="UTF-8"?>

<axial_ref>
    <!-- from inside to outside -->
    <ref_top>
        <height>9 14 16 17 19</height>
        <matid>1 2 3 4 5</matid>
    </ref_top>

    <ref_bottom>
        <height>3 7 12 14 16 19</height>
        <matid>11 12 13 14 15 16</matid>
    </ref_bottom>

    <material id="1">
        <nuclide alias="HinH2O" density="2.82696E-02"/>
        <nuclide alias="O16  "  density="1.41652E-02"/>
        <nuclide alias="B10s "  density="1.87441E-06"/>
        <nuclide alias="B11s "  density="7.54476E-06"/>
		<nuclide alias="Cr50"   density="2.17560E-05"/>
		<nuclide alias="Cr52"   density="4.19546E-04"/>
		<nuclide alias="Cr53"   density="4.75736E-05"/>
		<nuclide alias="Cr54"   density="1.18420E-05"/>
		<nuclide alias="Fe54"   density="9.74707E-05"/>
		<nuclide alias="Fe56"   density="1.53005E-03"/>
		<nuclide alias="Fe57"   density="3.53366E-05"/>
		<nuclide alias="Fe58"   density="4.70264E-06"/>
		<nuclide alias="Zr90 "  density="2.21762E-03"/>
		<nuclide alias="Zr91 "  density="4.83616E-04"/>
		<nuclide alias="Zr92 "  density="7.39221E-04"/>
		<nuclide alias="Zr94 "  density="7.49137E-04"/>
		<nuclide alias="Zr96 "  density="1.20691E-04"/>
		<nuclide alias="Sn112"  density="4.74828E-07"/>
		<nuclide alias="Sn114"  density="3.23078E-07"/>
		<nuclide alias="Sn115"  density="1.66431E-07"/>
		<nuclide alias="Sn116"  density="7.11759E-06"/>
		<nuclide alias="Sn117"  density="3.75950E-06"/>
		<nuclide alias="Sn118"  density="1.18557E-05"/>
		<nuclide alias="Sn119"  density="4.20492E-06"/>
		<nuclide alias="Sn120"  density="1.59482E-05"/>
		<nuclide alias="Sn122"  density="2.26649E-06"/>
		<nuclide alias="Sn124"  density="2.83434E-06"/>
		<nuclide alias="He4"    density="6.93176E-05"/>
		<nuclide alias="Ni58"   density="1.56488E-04"/>
		<nuclide alias="Ni60"   density="6.02780E-05"/>
		<nuclide alias="Ni61"   density="2.62028E-06"/>
		<nuclide alias="Ni62"   density="8.35466E-06"/>
		<nuclide alias="Ni64"   density="2.12768E-06"/>
		<nuclide alias="Mn55"   density="4.91152E-05"/>
        <nuclide alias="Si28"   density="2.65814E-05"/>
        <nuclide alias="Si29"   density="1.35036E-06"/>
        <nuclide alias="Si30"   density="8.91210E-07"/>
    </material>
    <material id="2">
        <nuclide alias="HinH2O" density="2.55788E-02"/>
        <nuclide alias="O16  "  density="1.28198E-02"/>
        <nuclide alias="B10s "  density="1.69600E-06"/>
        <nuclide alias="B11s "  density="6.82664E-06"/>
		<nuclide alias="Cr50"   density="6.51977E-05"/>
		<nuclide alias="Cr52"   density="1.25730E-03"/>
		<nuclide alias="Cr53"   density="1.42565E-04"/>
		<nuclide alias="Cr54"   density="3.54876E-05"/>
		<nuclide alias="Fe54"   density="1.98524E-04"/>
		<nuclide alias="Fe56"   density="3.11640E-03"/>
		<nuclide alias="Fe57"   density="7.19722E-05"/>
		<nuclide alias="Fe58"   density="9.57817E-06"/>
		<nuclide alias="Zr90 "  density="2.21762E-03"/>
		<nuclide alias="Zr91 "  density="4.83616E-04"/>
		<nuclide alias="Zr92 "  density="7.39221E-04"/>
		<nuclide alias="Zr94 "  density="7.49137E-04"/>
		<nuclide alias="Zr96 "  density="1.20691E-04"/>
		<nuclide alias="Sn112"  density="4.74828E-07"/>
		<nuclide alias="Sn114"  density="3.23078E-07"/>
		<nuclide alias="Sn115"  density="1.66431E-07"/>
		<nuclide alias="Sn116"  density="7.11759E-06"/>
		<nuclide alias="Sn117"  density="3.75950E-06"/>
		<nuclide alias="Sn118"  density="1.18557E-05"/>
		<nuclide alias="Sn119"  density="4.20492E-06"/>
		<nuclide alias="Sn120"  density="1.59482E-05"/>
		<nuclide alias="Sn122"  density="2.26649E-06"/>
		<nuclide alias="Sn124"  density="2.83434E-06"/>
		<nuclide alias="He4"    density="6.93176E-05"/>
		<nuclide alias="Ni58"   density="1.56673E-03"/>
		<nuclide alias="Ni60"   density="6.03499E-04"/>
		<nuclide alias="Ni61"   density="2.62336E-05"/>
		<nuclide alias="Ni62"   density="8.36429E-05"/>
		<nuclide alias="Ni64"   density="2.13016E-05"/>
		<nuclide alias="Mn55"   density="1.01870E-04"/>
        <nuclide alias="Si28"   density="6.18138E-05"/>
        <nuclide alias="Si29"   density="3.14020E-06"/>
        <nuclide alias="Si30"   density="2.07247E-06"/>
    </material>
    <material id="3">
        <nuclide alias="HinH2O" density="2.80571E-02"/>
        <nuclide alias="O16  "  density="1.40589E-02"/>
        <nuclide alias="B10s "  density="1.86032E-06"/>
        <nuclide alias="B11s "  density="7.48802E-06"/>
		<nuclide alias="Cr50"   density="2.51342E-05"/>
		<nuclide alias="Cr52"   density="4.84692E-04"/>
		<nuclide alias="Cr53"   density="5.49608E-05"/>
		<nuclide alias="Cr54"   density="1.36808E-05"/>
		<nuclide alias="Fe54"   density="1.12703E-04"/>
		<nuclide alias="Fe56"   density="1.76917E-03"/>
		<nuclide alias="Fe57"   density="4.08591E-05"/>
		<nuclide alias="Fe58"   density="5.43757E-06"/>
		<nuclide alias="Zr90 "  density="2.21762E-03"/>
		<nuclide alias="Zr91 "  density="4.83616E-04"/>
		<nuclide alias="Zr92 "  density="7.39221E-04"/>
		<nuclide alias="Zr94 "  density="7.49137E-04"/>
		<nuclide alias="Zr96 "  density="1.20691E-04"/>
		<nuclide alias="Sn112"  density="4.74828E-07"/>
		<nuclide alias="Sn114"  density="3.23078E-07"/>
		<nuclide alias="Sn115"  density="1.66431E-07"/>
		<nuclide alias="Sn116"  density="7.11759E-06"/>
		<nuclide alias="Sn117"  density="3.75950E-06"/>
		<nuclide alias="Sn118"  density="1.18557E-05"/>
		<nuclide alias="Sn119"  density="4.20492E-06"/>
		<nuclide alias="Sn120"  density="1.59482E-05"/>
		<nuclide alias="Sn122"  density="2.26649E-06"/>
		<nuclide alias="Sn124"  density="2.83434E-06"/>
		<nuclide alias="He4"    density="6.93176E-05"/>
		<nuclide alias="Ni58"   density="1.81167E-04"/>
		<nuclide alias="Ni60"   density="6.97842E-05"/>
		<nuclide alias="Ni61"   density="3.03352E-06"/>
		<nuclide alias="Ni62"   density="9.67224E-06"/>
		<nuclide alias="Ni64"   density="2.46323E-06"/>
		<nuclide alias="Mn55"   density="5.68609E-05"/>
        <nuclide alias="Si28"   density="3.07735E-05"/>
        <nuclide alias="Si29"   density="1.56332E-06"/>
        <nuclide alias="Si30"   density="1.03176E-06"/>
    </material>
    <material id="4">
        <nuclide alias="HinH2O" density="2.92840E-02"/>
        <nuclide alias="O16  "  density="1.47546E-02"/>
        <nuclide alias="B10s "  density="1.94168E-06"/>
        <nuclide alias="B11s "  density="7.81550E-06"/>
		<nuclide alias="Cr50"   density="9.07238E-06"/>
		<nuclide alias="Cr52"   density="1.74953E-04"/>
		<nuclide alias="Cr53"   density="1.98384E-05"/>
		<nuclide alias="Cr54"   density="4.93816E-06"/>
		<nuclide alias="Fe54"   density="3.85766E-05"/>
		<nuclide alias="Fe56"   density="6.05561E-04"/>
		<nuclide alias="Fe57"   density="1.39854E-05"/>
		<nuclide alias="Fe58"   density="1.86119E-06"/>
		<nuclide alias="Zr90 "  density="8.21787E-03"/>
		<nuclide alias="Zr91 "  density="1.79214E-03"/>
		<nuclide alias="Zr92 "  density="2.73934E-03"/>
		<nuclide alias="Zr94 "  density="2.77609E-03"/>
		<nuclide alias="Zr96 "  density="4.47244E-04"/>
		<nuclide alias="Sn112"  density="1.75957E-06"/>
		<nuclide alias="Sn114"  density="1.19723E-06"/>
		<nuclide alias="Sn115"  density="6.16745E-07"/>
		<nuclide alias="Sn116"  density="2.63757E-05"/>
		<nuclide alias="Sn117"  density="1.39316E-05"/>
		<nuclide alias="Sn118"  density="4.39338E-05"/>
		<nuclide alias="Sn119"  density="1.55822E-05"/>
		<nuclide alias="Sn120"  density="5.90992E-05"/>
		<nuclide alias="Sn122"  density="8.39896E-06"/>
		<nuclide alias="Sn124"  density="1.05032E-05"/>
		<nuclide alias="He4"    density="1.77426E-06"/>
		<nuclide alias="Ni58"   density="5.72108E-05"/>
		<nuclide alias="Ni60"   density="2.20371E-05"/>
		<nuclide alias="Ni61"   density="9.57953E-07"/>
		<nuclide alias="Ni62"   density="3.05439E-06"/>
		<nuclide alias="Ni64"   density="7.77862E-07"/>
		<nuclide alias="Mn55"   density="1.79561E-05"/>
        <nuclide alias="Si28"   density="9.71795E-06"/>
        <nuclide alias="Si29"   density="4.93680E-07"/>
        <nuclide alias="Si30"   density="3.25819E-07"/>
    </material>
    <material id="5">
        <nuclide alias="HinH2O" density="4.74091E-02"/>
        <nuclide alias="O16  "  density="2.37063E-02"/>
        <nuclide alias="B10s "  density="3.14345E-06"/>
        <nuclide alias="B11s "  density="1.26528E-05"/>
		<nuclide alias="Cr50"   density="9.46446E-06"/>
		<nuclide alias="Cr52"   density="1.82514E-04"/>
		<nuclide alias="Cr53"   density="2.06959E-05"/>
		<nuclide alias="Cr54"   density="5.15160E-06"/>
		<nuclide alias="Fe54"   density="4.26372E-05"/>
		<nuclide alias="Fe56"   density="6.69301E-04"/>
		<nuclide alias="Fe57"   density="1.54575E-05"/>
		<nuclide alias="Fe58"   density="2.05710E-06"/>
		<nuclide alias="Zr90 "  density="1.37510E-04"/>
		<nuclide alias="Zr91 "  density="2.99880E-05"/>
		<nuclide alias="Zr92 "  density="4.58375E-05"/>
		<nuclide alias="Zr94 "  density="4.64524E-05"/>
		<nuclide alias="Zr96 "  density="7.48377E-06"/>
		<nuclide alias="Sn112"  density="2.94431E-08"/>
		<nuclide alias="Sn114"  density="2.00334E-08"/>
		<nuclide alias="Sn115"  density="1.03200E-08"/>
		<nuclide alias="Sn116"  density="4.41347E-07"/>
		<nuclide alias="Sn117"  density="2.33119E-07"/>
		<nuclide alias="Sn118"  density="7.35147E-07"/>
		<nuclide alias="Sn119"  density="2.60738E-07"/>
		<nuclide alias="Sn120"  density="9.88911E-07"/>
		<nuclide alias="Sn122"  density="1.40540E-07"/>
		<nuclide alias="Sn124"  density="1.75751E-07"/>
		<nuclide alias="Ni58"   density="6.89895E-05"/>
		<nuclide alias="Ni60"   density="2.65742E-05"/>
		<nuclide alias="Ni61"   density="1.15518E-06"/>
		<nuclide alias="Ni62"   density="3.68324E-06"/>
		<nuclide alias="Ni64"   density="9.38010E-07"/>
		<nuclide alias="Mn55"   density="2.16529E-05"/>
        <nuclide alias="Si28"   density="1.17187E-05"/>
        <nuclide alias="Si29"   density="5.95320E-07"/>
        <nuclide alias="Si30"   density="3.92899E-07"/>
    </material>
    <material id="11">
        <nuclide alias="HinH2O" density="2.77914E-02"/>
        <nuclide alias="O16  "  density="1.39671E-02"/>
        <nuclide alias="B10s "  density="1.84270E-06"/>
        <nuclide alias="B11s "  density="7.41712E-06"/>
		<nuclide alias="Cr50"   density="7.86803E-07"/>
		<nuclide alias="Cr52"   density="1.51727E-05"/>
		<nuclide alias="Cr53"   density="1.72045E-06"/>
		<nuclide alias="Cr54"   density="4.28252E-07"/>
		<nuclide alias="Fe54"   density="2.06951E-06"/>
		<nuclide alias="Fe56"   density="3.24871E-05"/>
		<nuclide alias="Fe57"   density="7.50258E-07"/>
		<nuclide alias="Fe58"   density="9.98458E-08"/>
		<nuclide alias="Zr90 "  density="5.21010E-03"/>
		<nuclide alias="Zr91 "  density="1.13621E-03"/>
		<nuclide alias="Zr92 "  density="1.73673E-03"/>
		<nuclide alias="Zr94 "  density="1.76003E-03"/>
		<nuclide alias="Zr96 "  density="2.83552E-04"/>
		<nuclide alias="Sn112"  density="1.11556E-06"/>
		<nuclide alias="Sn114"  density="7.59042E-07"/>
		<nuclide alias="Sn115"  density="3.91014E-07"/>
		<nuclide alias="Sn116"  density="1.67221E-05"/>
		<nuclide alias="Sn117"  density="8.83262E-06"/>
		<nuclide alias="Sn118"  density="2.78539E-05"/>
		<nuclide alias="Sn119"  density="9.87908E-06"/>
		<nuclide alias="Sn120"  density="3.74687E-05"/>
		<nuclide alias="Sn122"  density="5.32492E-06"/>
		<nuclide alias="Sn124"  density="6.65901E-06"/>
        <nuclide alias="He4"    density="4.52071E-05"/>
    </material>
    <material id="12">
        <nuclide alias="HinH2O" density="2.41683E-02"/>
        <nuclide alias="O16  "  density="1.21381E-02"/>
        <nuclide alias="B10s "  density="1.60248E-06"/>
        <nuclide alias="B11s "  density="6.45018E-06"/>
		<nuclide alias="Cr50"   density="5.90780E-05"/>
		<nuclide alias="Cr52"   density="1.13929E-03"/>
		<nuclide alias="Cr53"   density="1.29182E-04"/>
		<nuclide alias="Cr54"   density="3.21565E-05"/>
		<nuclide alias="Fe54"   density="1.39306E-04"/>
		<nuclide alias="Fe56"   density="2.18685E-03"/>
		<nuclide alias="Fe57"   density="5.05038E-05"/>
		<nuclide alias="Fe58"   density="6.72114E-06"/>
		<nuclide alias="Zr90 "  density="3.94632E-03"/>
		<nuclide alias="Zr91 "  density="8.60608E-04"/>
		<nuclide alias="Zr92 "  density="1.31546E-03"/>
		<nuclide alias="Zr94 "  density="1.33311E-03"/>
		<nuclide alias="Zr96 "  density="2.14772E-04"/>
		<nuclide alias="Sn112"  density="8.44969E-07"/>
		<nuclide alias="Sn114"  density="5.74926E-07"/>
		<nuclide alias="Sn115"  density="2.96168E-07"/>
		<nuclide alias="Sn116"  density="1.26659E-05"/>
		<nuclide alias="Sn117"  density="6.69014E-06"/>
		<nuclide alias="Sn118"  density="2.10976E-05"/>
		<nuclide alias="Sn119"  density="7.48277E-06"/>
		<nuclide alias="Sn120"  density="2.83802E-05"/>
		<nuclide alias="Sn122"  density="4.03329E-06"/>
		<nuclide alias="Sn124"  density="5.04378E-06"/>
		<nuclide alias="He4"    density="5.93040E-05"/>
		<nuclide alias="Ni58"   density="1.87890E-03"/>
		<nuclide alias="Ni60"   density="7.23748E-04"/>
		<nuclide alias="Ni61"   density="3.14607E-05"/>
		<nuclide alias="Ni62"   density="1.00309E-04"/>
		<nuclide alias="Ni64"   density="2.55459E-05"/>
		<nuclide alias="Mn55"   density="7.18590E-05"/>
        <nuclide alias="Si28"   density="4.77651E-05"/>
        <nuclide alias="Si29"   density="2.42651E-06"/>
        <nuclide alias="Si30"   density="1.60145E-06"/>
    </material>
    <material id="13">
        <nuclide alias="HinH2O" density="2.76899E-02"/>
        <nuclide alias="O16  "  density="1.38990E-02"/>
        <nuclide alias="B10s "  density="1.83597E-06"/>
        <nuclide alias="B11s "  density="7.39004E-06"/>
		<nuclide alias="Cr50"   density="2.23897E-06"/>
		<nuclide alias="Cr52"   density="4.31772E-05"/>
		<nuclide alias="Cr53"   density="4.89581E-06"/>
		<nuclide alias="Cr54"   density="1.21868E-06"/>
		<nuclide alias="Fe54"   density="4.67489E-06"/>
		<nuclide alias="Fe56"   density="7.33878E-05"/>
		<nuclide alias="Fe57"   density="1.69482E-06"/>
		<nuclide alias="Fe58"   density="2.25550E-07"/>
		<nuclide alias="Zr90 "  density="3.94632E-03"/>
		<nuclide alias="Zr91 "  density="8.60608E-04"/>
		<nuclide alias="Zr92 "  density="1.31546E-03"/>
		<nuclide alias="Zr94 "  density="1.33311E-03"/>
		<nuclide alias="Zr96 "  density="2.14772E-04"/>
		<nuclide alias="Sn112"  density="8.44969E-07"/>
		<nuclide alias="Sn114"  density="5.74926E-07"/>
		<nuclide alias="Sn115"  density="2.96168E-07"/>
		<nuclide alias="Sn116"  density="1.26659E-05"/>
		<nuclide alias="Sn117"  density="6.69014E-06"/>
		<nuclide alias="Sn118"  density="2.10976E-05"/>
		<nuclide alias="Sn119"  density="7.48277E-06"/>
		<nuclide alias="Sn120"  density="2.83802E-05"/>
		<nuclide alias="Sn122"  density="4.03329E-06"/>
		<nuclide alias="Sn124"  density="5.04378E-06"/>
		<nuclide alias="He4"    density="5.93040E-05"/>
		<nuclide alias="Ni58"   density="6.15720E-05"/>
		<nuclide alias="Ni60"   density="2.37174E-05"/>
		<nuclide alias="Ni61"   density="1.03097E-06"/>
		<nuclide alias="Ni62"   density="3.28713E-06"/>
		<nuclide alias="Ni64"   density="8.37144E-07"/>
		<nuclide alias="Mn55"   density="1.64222E-06"/>
        <nuclide alias="Si28"   density="1.19181E-06"/>
        <nuclide alias="Si29"   density="6.05451E-08"/>
        <nuclide alias="Si30"   density="3.99588E-08"/>
    </material>
    <material id="14">
        <nuclide alias="HinH2O" density="2.77914E-02"/>
        <nuclide alias="O16  "  density="1.40054E-02"/>
        <nuclide alias="B10s "  density="1.84270E-06"/>
        <nuclide alias="B11s "  density="7.41712E-06"/>
		<nuclide alias="Cr50"   density="4.59637E-05"/>
		<nuclide alias="Cr52"   density="8.86382E-04"/>
		<nuclide alias="Cr53"   density="1.00507E-04"/>
		<nuclide alias="Cr54"   density="2.50184E-05"/>
		<nuclide alias="Fe54"   density="1.19982E-04"/>
		<nuclide alias="Fe56"   density="1.88349E-03"/>
		<nuclide alias="Fe57"   density="4.34981E-05"/>
		<nuclide alias="Fe58"   density="5.78880E-06"/>
		<nuclide alias="Zr90 "  density="8.01269E-03"/>
		<nuclide alias="Zr91 "  density="1.74740E-03"/>
		<nuclide alias="Zr92 "  density="2.67095E-03"/>
		<nuclide alias="Zr94 "  density="2.70678E-03"/>
		<nuclide alias="Zr96 "  density="4.36078E-04"/>
		<nuclide alias="Sn112"  density="1.71564E-06"/>
		<nuclide alias="Sn114"  density="1.16734E-06"/>
		<nuclide alias="Sn115"  density="6.01347E-07"/>
		<nuclide alias="Sn116"  density="2.57172E-05"/>
		<nuclide alias="Sn117"  density="1.35838E-05"/>
		<nuclide alias="Sn118"  density="4.28369E-05"/>
		<nuclide alias="Sn119"  density="1.51932E-05"/>
		<nuclide alias="Sn120"  density="5.76237E-05"/>
		<nuclide alias="Sn122"  density="8.18927E-06"/>
		<nuclide alias="Sn124"  density="1.02410E-05"/>
		<nuclide alias="Ni58"   density="1.30652E-03"/>
		<nuclide alias="Ni60"   density="5.03269E-04"/>
		<nuclide alias="Ni61"   density="2.18767E-05"/>
		<nuclide alias="Ni62"   density="6.97512E-05"/>
		<nuclide alias="Ni64"   density="1.77637E-05"/>
		<nuclide alias="Mn55"   density="6.06198E-05"/>
        <nuclide alias="Si28"   density="3.87963E-05"/>
        <nuclide alias="Si29"   density="1.97089E-06"/>
        <nuclide alias="Si30"   density="1.30075E-06"/>
    </material>
    <material id="15">
        <nuclide alias="HinH2O" density="1.49705E-02"/>
        <nuclide alias="O16  "  density="7.48524E-03"/>
        <nuclide alias="B10s "  density="9.92621E-07"/>
        <nuclide alias="B11s "  density="3.99542E-06"/>
		<nuclide alias="Cr50"   density="5.29615E-04"/>
		<nuclide alias="Cr52"   density="1.02132E-02"/>
		<nuclide alias="Cr53"   density="1.15811E-03"/>
		<nuclide alias="Cr54"   density="2.88274E-04"/>
		<nuclide alias="Fe54"   density="2.38809E-03"/>
		<nuclide alias="Fe56"   density="3.74872E-02"/>
		<nuclide alias="Fe57"   density="8.65768E-04"/>
		<nuclide alias="Fe58"   density="1.15217E-04"/>
		<nuclide alias="Ni58"   density="3.86902E-03"/>
		<nuclide alias="Ni60"   density="1.49031E-03"/>
		<nuclide alias="Ni61"   density="6.47839E-05"/>
		<nuclide alias="Ni62"   density="2.06561E-04"/>
		<nuclide alias="Ni64"   density="5.26048E-05"/>
		<nuclide alias="Mn55"   density="1.21432E-03"/>
        <nuclide alias="Si28"   density="6.57200E-04"/>
        <nuclide alias="Si29"   density="3.33863E-05"/>
        <nuclide alias="Si30"   density="2.20343E-05"/>
    </material>
    <material id="16">
        <nuclide alias="HinH2O" density="4.26556E-02"/>
        <nuclide alias="O16  "  density="2.13278E-02"/>
        <nuclide alias="B10s "  density="2.82827E-06"/>
        <nuclide alias="B11s "  density="1.13842E-05"/>
		<nuclide alias="Cr50"   density="8.98300E-05"/>
		<nuclide alias="Cr52"   density="1.73230E-03"/>
		<nuclide alias="Cr53"   density="1.96430E-04"/>
		<nuclide alias="Cr54"   density="4.88950E-05"/>
		<nuclide alias="Fe54"   density="4.05050E-04"/>
		<nuclide alias="Fe56"   density="6.35840E-03"/>
		<nuclide alias="Fe57"   density="1.46850E-04"/>
		<nuclide alias="Fe58"   density="1.95430E-05"/>
		<nuclide alias="Ni58"   density="6.56240E-04"/>
		<nuclide alias="Ni60"   density="2.52780E-04"/>
		<nuclide alias="Ni61"   density="1.09880E-05"/>
		<nuclide alias="Ni62"   density="3.50360E-05"/>
		<nuclide alias="Ni64"   density="8.92250E-06"/>
		<nuclide alias="Mn55"   density="2.05970E-04"/>
        <nuclide alias="Si28"   density="1.11470E-04"/>
        <nuclide alias="Si29"   density="5.66280E-06"/>
        <nuclide alias="Si30"   density="3.73730E-06"/>
    </material>
</axial_ref>
