<?xml version="1.0" encoding="UTF-8"?>

<absorber>
    <segment height="100.0" lattice="16BA"></segment>

    <lattice id="16BA" pin_size="1.26">
        - - - - - - - - - - - - - - - - -
        - - - - - - - - - - - - - - - - -
        - - - - - 1 - - - - - 1 - - - - -
        - - - 1 - - - - - - - - - 1 - - -
        - - - - - - - - - - - - - - - - -
        - - 1 - - - - - 1 - - - - - 1 - -
        - - - - - - - - - - - - - - - - -
        - - - - - - - - - - - - - - - - -
        - - - - - 1 - - - - - 1 - - - - -
        - - - - - - - - - - - - - - - - -
        - - - - - - - - - - - - - - - - -
        - - 1 - - - - - 1 - - - - - 1 - -
        - - - - - - - - - - - - - - - - -
        - - - 1 - - - - - - - - - 1 - - -
        - - - - - 1 - - - - - 1 - - - - -
        - - - - - - - - - - - - - - - - -
        - - - - - - - - - - - - - - - - -
    </lattice>

    <pin id="1">
        <radius>0.2138 0.2308 0.2413 0.4268 0.4369 0.4838 0.5725</radius>
        <matid>air aisi304 air glass air aisi304 None</matid>
    </pin>

    <material id="air">
      <nuclide alias="O16" density="1.25480E-05"/>
      <nuclide alias="N14" density="3.58166E-05"/>
      <nuclide alias="N15" density="1.22125E-07"/>
    </material>
    <material id="aisi304">
      <nuclide alias="Cr50" density="7.97457E-04"/>
      <nuclide alias="Cr52" density="1.47707E-02"/>
      <nuclide alias="Cr53" density="1.64322E-03"/>
      <nuclide alias="Cr54" density="4.01465E-04"/>
      <nuclide alias="Fe54" density="3.67275E-03"/>
      <nuclide alias="Fe56" density="5.55980E-02"/>
      <nuclide alias="Fe57" density="1.26145E-03"/>
      <nuclide alias="Fe58" density="1.64984E-04"/>
      <nuclide alias="Ni58" density="5.3084E-03 "/>
      <nuclide alias="Ni60" density="1.9767E-03 "/>
      <nuclide alias="Ni61" density="8.4523E-05 "/>
      <nuclide alias="Ni62" density="2.6510E-04 "/>
      <nuclide alias="Ni64" density="6.5438E-05 "/>
    </material>
    <material id="glass">
      <nuclide alias="B10g" density="9.399E-04  "/>
      <nuclide alias="B11g" density="3.81663E-03"/>
      <nuclide alias="Al27" density="1.73514E-03"/>
      <nuclide alias="O16"  density="4.66367E-02"/>
      <nuclide alias="Si28" density="1.69879E-02"/>
      <nuclide alias="Si29" density="8.32821E-04"/>
      <nuclide alias="Si30" density="5.30690E-04"/>
    </material>
    <material id="helium">
      <nuclide alias="He4" density="2.38438E-04"/>
    </material>
    <material id="zircaloy">
      <nuclide alias="Zrnat" density="0.042430686"/>
      <nuclide alias="Sn112" density="4.89374E-06"/>
      <nuclide alias="Sn114" density="3.27135E-06"/>
      <nuclide alias="Sn115" density="1.67057E-06"/>
      <nuclide alias="Sn116" density="7.08258E-05"/>
      <nuclide alias="Sn117" density="3.70897E-05"/>
      <nuclide alias="Sn118" density="1.15977E-04"/>
      <nuclide alias="Sn119" density="4.07866E-05"/>
      <nuclide alias="Sn120" density="1.53406E-04"/>
      <nuclide alias="Sn122" density="2.14430E-05"/>
      <nuclide alias="Sn124" density="2.63820E-05"/>
      <nuclide alias="Fe54"  density="8.97511E-06"/>
      <nuclide alias="Fe56"  density="1.35865E-04"/>
      <nuclide alias="Fe57"  density="3.08261E-06"/>
      <nuclide alias="Fe58"  density="4.03171E-07"/>
      <nuclide alias="Cr50"  density="3.43472E-06"/>
      <nuclide alias="Cr52"  density="6.36185E-05"/>
      <nuclide alias="Cr53"  density="7.07750E-06"/>
      <nuclide alias="Cr54"  density="1.72914E-06"/>
      <nuclide alias="O16"   density="0.000308255"/>
      <nuclide alias="Cnat"   density="4.6014E-05 "/>
    </material>
</absorber>
