<?xml version="1.0" encoding="UTF-8"?>

<radial_ref>
    <baffle gap="0.2" width="4.0" matid="ss304"></baffle>
    <barrel inner_radius="145" outer_radius="150" matid="ss304"></barrel>

    <material id="ss304">
        <nuclide alias="Cr50" density="7.97457E-04"/>
   	    <nuclide alias="Cr52" density="1.47707E-02"/>
   	    <nuclide alias="Cr53" density="1.64322E-03"/>
   	    <nuclide alias="Cr54" density="4.01465E-04"/>
   	    <nuclide alias="Fe54" density="3.67275E-03"/>
   	    <nuclide alias="Fe56" density="5.55980E-02"/>
   	    <nuclide alias="Fe57" density="1.26145E-03"/>
   	    <nuclide alias="Fe58" density="1.64984E-04"/>
   	    <nuclide alias="Ni58" density="5.3084E-03"/>
   	    <nuclide alias="Ni60" density="1.9767E-03"/>
   	    <nuclide alias="Ni61" density="8.4523E-05"/>
   	    <nuclide alias="Ni62" density="2.6510E-04"/>
   	    <nuclide alias="Ni64" density="6.5438E-05"/>
    </material>
</radial_ref>
