<?xml version="1.0" encoding="UTF-8"?>

<input cycle="1">
    <core>
        <assembly type="fuel" model="FA310">
            A001 A002 A003 A004 A005 A006 A007 A008 A009 A010 A011 A012 A013
            B001 B002 B003 B004 B005 B006 B007 B008
        </assembly>
        <assembly type="fixed_absorber" model="16BA">
            C001 C002 C003 C004
        </assembly>
        <assembly type="control_rod" model="crod">
            D001 D002 D003 D004
            E001 E002 E003 E004 E005 E006 E007 E008
            F001
        </assembly>
        <assembly type="radial_reflector" model="RR">RR1</assembly>
        <assembly type="axial_reflector" model="AR">AR1</assembly>

        <layout type="fuel">
            <location pitch="21.504">
                ---- A001 A002 A003 ----
                A004 B001 B002 B003 A005
                A006 B004 A007 B005 A008
                A009 B006 B007 B008 A010
                ---- A011 A012 A013 ----
            </location>
        </layout>
        <layout type="fixed_absorber">
            <location>
                ---- ---- ---- ---- ----
                ---- C001 ---- C002 ----
                ---- ---- ---- ---- ----
                ---- C003 ---- C004 ----
                ---- ---- ---- ---- ----
            </location>
        </layout>
        <layout type="control_rod">
            <location>
                ---- D001 ---- D002 ----
                E001 ---- E002 ---- E003
                ---- E007 F001 E008 ----
                E004 ---- E005 ---- E006
                ---- D003 ---- D004 ----
            </location>
            <base>
                0 0 0 0 0
                0 0 0 0 0
                0 0 0 0 0
                0 0 0 0 0
                0 0 0 0 0
            </base>
            <step>
                0 1 0 1 0
                1 0 1 0 1
                0 1 1 1 0
                1 0 1 0 1
                0 1 0 1 0
            </step>
            <offset>
                0 0 0 0 0
                0 0 0 0 0
                0 0 0 0 0
                0 0 0 0 0
                0 0 0 0 0
            </offset>
        </layout>
    </core>

	<operation>
        <rated>
            <power unit="MW">106</power>
            <flow unit="t/h">3000</flow>
            <pressure unit="MPa">15.5</pressure>
        </rated>

        <control_rod>
            <cluster id="R">F001</cluster>
            <cluster id="S">E001 E002 E003 E004 E005 E006 E007 E008</cluster>
            <cluster id="N">D001 D002 D003 D004</cluster>

            <calc_worth order="R S N">
                0   0   0
                50  0   0
                100 50  0
                100 100 50
                100 100 100
            </calc_worth>
        </control_rod>

        <depletion>
            <cb_init unit="ppm">1400</cb_init>
            <burn_step unit="DB">
                0 150 350 500 1000 1000 1000 1000 1000
            </burn_step>
            <power unit="MW">
                106 106 106 106 106 106 106 106 106
            </power>
            <tempin unit="K">9*565</tempin>
            <control>
                100 100 100
                100 100 100
                100 100 100
                100 100 100
                100 100 100
                100 100 100
                100 100 100
                100 100 100
                100 100 100
            </control>
<!--             <kinetic>
                <calc_point>1</calc_point>
                <relative_power>-1</relative_power>
            </kinetic> -->
<!--             <alpha>
                <calc_point>1</calc_point>
                <relative_power>-1</relative_power>
                <offset_tu>2</offset_tu>
                <offset_tm>2</offset_tm>
                <offset_cb>2</offset_cb>
            </alpha> -->
<!--             <crworth>
                <calc_point>1</calc_point>
                <relative_power>-1</relative_power>
            </crworth> -->
        </depletion>
    </operation>
</input>
