<?xml version="1.0" encoding="UTF-8"?>

<fuel>
    <segment height="100.0" lattice="lat2"></segment>

    <lattice id="lat2" pin_size="1.26">
        1 1 1 1 1 1 1 1 1 1 1 1 1 1 1 1 1
        1 1 1 1 1 1 1 1 1 1 1 1 1 1 1 1 1
        1 1 1 1 1 2 1 1 2 1 1 2 1 1 1 1 1
        1 1 1 2 1 1 1 1 1 1 1 1 1 2 1 1 1
        1 1 1 1 1 1 1 1 1 1 1 1 1 1 1 1 1
        1 1 2 1 1 2 1 1 2 1 1 2 1 1 2 1 1
        1 1 1 1 1 1 1 1 1 1 1 1 1 1 1 1 1
        1 1 1 1 1 1 1 1 1 1 1 1 1 1 1 1 1
        1 1 2 1 1 2 1 1 2 1 1 2 1 1 2 1 1
        1 1 1 1 1 1 1 1 1 1 1 1 1 1 1 1 1
        1 1 1 1 1 1 1 1 1 1 1 1 1 1 1 1 1
        1 1 2 1 1 2 1 1 2 1 1 2 1 1 2 1 1
        1 1 1 1 1 1 1 1 1 1 1 1 1 1 1 1 1
        1 1 1 2 1 1 1 1 1 1 1 1 1 2 1 1 1
        1 1 1 1 1 2 1 1 2 1 1 2 1 1 1 1 1
        1 1 1 1 1 1 1 1 1 1 1 1 1 1 1 1 1
        1 1 1 1 1 1 1 1 1 1 1 1 1 1 1 1 1
    </lattice>

    <pin id="1">
        <radius>0.4095 0.4180 0.4750</radius>
        <matid>fuel3.1 helium zircaloy</matid>
    </pin>
    <pin id="2">
        <radius>0.5725 0.6225</radius>
        <matid>None zircaloy</matid>
    </pin>

    <material id="fuel3.1">
      <nuclide alias="U234" density="5.692882E-06"/>
      <nuclide alias="U235" density="7.116102E-04"/>
      <nuclide alias="U238" density="2.223786E-02"/>
      <nuclide alias="O16"  density="4.591034E-02"/>
    </material>
    <material id="helium">
      <nuclide alias="He4" density="2.38438E-04"/>
    </material>
    <material id="zircaloy">
      <nuclide alias="Zrnat" density="0.042430686"/>
      <nuclide alias="Sn112" density="4.89374E-06"/>
      <nuclide alias="Sn114" density="3.27135E-06"/>
      <nuclide alias="Sn115" density="1.67057E-06"/>
      <nuclide alias="Sn116" density="7.08258E-05"/>
      <nuclide alias="Sn117" density="3.70897E-05"/>
      <nuclide alias="Sn118" density="1.15977E-04"/>
      <nuclide alias="Sn119" density="4.07866E-05"/>
      <nuclide alias="Sn120" density="1.53406E-04"/>
      <nuclide alias="Sn122" density="2.14430E-05"/>
      <nuclide alias="Sn124" density="2.63820E-05"/>
      <nuclide alias="Fe54"  density="8.97511E-06"/>
      <nuclide alias="Fe56"  density="1.35865E-04"/>
      <nuclide alias="Fe57"  density="3.08261E-06"/>
      <nuclide alias="Fe58"  density="4.03171E-07"/>
      <nuclide alias="Cr50"  density="3.43472E-06"/>
      <nuclide alias="Cr52"  density="6.36185E-05"/>
      <nuclide alias="Cr53"  density="7.07750E-06"/>
      <nuclide alias="Cr54"  density="1.72914E-06"/>
      <nuclide alias="O16"   density="0.000308255"/>
      <nuclide alias="Cnat"   density="4.6014E-05 "/>
    </material>
</fuel>
