<?xml version="1.0" ?>
<input>
<path>
<WIMSNdir>E:\BLattice\database\ENDF70.69\WIMSN\WIMSNdir.xml</WIMSNdir>
<subdir>E:\BLattice\database\ENDF70.69\LSQsub\LSQsubdir.xml</subdir>
<DepFile>E:\BLattice\database\DepFile\lavender.dat</DepFile>
</path>
<settings>
<transport_correction>yes</transport_correction>
<nxs_correction>yes</nxs_correction>
<tr_cor_mode>inflow</tr_cor_mode>
<SXRFactor>0.4</SXRFactor>
<fismatrix/>
<energy_sph>yes</energy_sph>
<res_option>no</res_option>
<XEN>no</XEN>
<diff_coe>tr</diff_coe>
<macro_calc>no</macro_calc>
<homo Mode="6" NumCGrps="2" PinOut="0" RefMap="2" SPn="1"/>
<LinkPara BOR="800.0" ControlRod="no" TFU="866.15" TMO="571.65"/>
</settings>
<material ID="1" temperature="866.15">
<nuclide alias="U234" density="5.692882e-06"/>
<nuclide alias="U235" density="0.0007116102"/>
<nuclide alias="U238" density="0.02223786"/>
<nuclide alias="O16" density="0.04591034"/>
</material>
<material ID="2" temperature="571.65">
<nuclide alias="He4" density="0.000238438"/>
</material>
<material ID="3" temperature="571.65">
<nuclide alias="Zrnat" density="0.042430686"/>
<nuclide alias="Sn112" density="4.89374e-06"/>
<nuclide alias="Sn114" density="3.27135e-06"/>
<nuclide alias="Sn115" density="1.67057e-06"/>
<nuclide alias="Sn116" density="7.08258e-05"/>
<nuclide alias="Sn117" density="3.70897e-05"/>
<nuclide alias="Sn118" density="0.000115977"/>
<nuclide alias="Sn119" density="4.07866e-05"/>
<nuclide alias="Sn120" density="0.000153406"/>
<nuclide alias="Sn122" density="2.1443e-05"/>
<nuclide alias="Sn124" density="2.6382e-05"/>
<nuclide alias="Fe54" density="8.97511e-06"/>
<nuclide alias="Fe56" density="0.000135865"/>
<nuclide alias="Fe57" density="3.08261e-06"/>
<nuclide alias="Fe58" density="4.03171e-07"/>
<nuclide alias="Cr50" density="3.43472e-06"/>
<nuclide alias="Cr52" density="6.36185e-05"/>
<nuclide alias="Cr53" density="7.0775e-06"/>
<nuclide alias="Cr54" density="1.72914e-06"/>
<nuclide alias="O16" density="0.000308255"/>
<nuclide alias="Cnat" density="4.6014e-05"/>
</material>
<material ID="4" temperature="571.65">
<nuclide alias="HinH2O" density="0.0282696"/>
<nuclide alias="O16  " density="0.0141652"/>
<nuclide alias="B10s " density="1.87441e-06"/>
<nuclide alias="B11s " density="7.54476e-06"/>
<nuclide alias="Cr50" density="2.1756e-05"/>
<nuclide alias="Cr52" density="0.000419546"/>
<nuclide alias="Cr53" density="4.75736e-05"/>
<nuclide alias="Cr54" density="1.1842e-05"/>
<nuclide alias="Fe54" density="9.74707e-05"/>
<nuclide alias="Fe56" density="0.00153005"/>
<nuclide alias="Fe57" density="3.53366e-05"/>
<nuclide alias="Fe58" density="4.70264e-06"/>
<nuclide alias="Zr90 " density="0.00221762"/>
<nuclide alias="Zr91 " density="0.000483616"/>
<nuclide alias="Zr92 " density="0.000739221"/>
<nuclide alias="Zr94 " density="0.000749137"/>
<nuclide alias="Zr96 " density="0.000120691"/>
<nuclide alias="Sn112" density="4.74828e-07"/>
<nuclide alias="Sn114" density="3.23078e-07"/>
<nuclide alias="Sn115" density="1.66431e-07"/>
<nuclide alias="Sn116" density="7.11759e-06"/>
<nuclide alias="Sn117" density="3.7595e-06"/>
<nuclide alias="Sn118" density="1.18557e-05"/>
<nuclide alias="Sn119" density="4.20492e-06"/>
<nuclide alias="Sn120" density="1.59482e-05"/>
<nuclide alias="Sn122" density="2.26649e-06"/>
<nuclide alias="Sn124" density="2.83434e-06"/>
<nuclide alias="He4" density="6.93176e-05"/>
<nuclide alias="Ni58" density="0.000156488"/>
<nuclide alias="Ni60" density="6.0278e-05"/>
<nuclide alias="Ni61" density="2.62028e-06"/>
<nuclide alias="Ni62" density="8.35466e-06"/>
<nuclide alias="Ni64" density="2.12768e-06"/>
<nuclide alias="Mn55" density="4.91152e-05"/>
<nuclide alias="Si28" density="2.65814e-05"/>
<nuclide alias="Si29" density="1.35036e-06"/>
<nuclide alias="Si30" density="8.9121e-07"/>
</material>
<material ID="5" temperature="571.65">
<nuclide alias="HinH2O" density="0.0255788"/>
<nuclide alias="O16  " density="0.0128198"/>
<nuclide alias="B10s " density="1.696e-06"/>
<nuclide alias="B11s " density="6.82664e-06"/>
<nuclide alias="Cr50" density="6.51977e-05"/>
<nuclide alias="Cr52" density="0.0012573"/>
<nuclide alias="Cr53" density="0.000142565"/>
<nuclide alias="Cr54" density="3.54876e-05"/>
<nuclide alias="Fe54" density="0.000198524"/>
<nuclide alias="Fe56" density="0.0031164"/>
<nuclide alias="Fe57" density="7.19722e-05"/>
<nuclide alias="Fe58" density="9.57817e-06"/>
<nuclide alias="Zr90 " density="0.00221762"/>
<nuclide alias="Zr91 " density="0.000483616"/>
<nuclide alias="Zr92 " density="0.000739221"/>
<nuclide alias="Zr94 " density="0.000749137"/>
<nuclide alias="Zr96 " density="0.000120691"/>
<nuclide alias="Sn112" density="4.74828e-07"/>
<nuclide alias="Sn114" density="3.23078e-07"/>
<nuclide alias="Sn115" density="1.66431e-07"/>
<nuclide alias="Sn116" density="7.11759e-06"/>
<nuclide alias="Sn117" density="3.7595e-06"/>
<nuclide alias="Sn118" density="1.18557e-05"/>
<nuclide alias="Sn119" density="4.20492e-06"/>
<nuclide alias="Sn120" density="1.59482e-05"/>
<nuclide alias="Sn122" density="2.26649e-06"/>
<nuclide alias="Sn124" density="2.83434e-06"/>
<nuclide alias="He4" density="6.93176e-05"/>
<nuclide alias="Ni58" density="0.00156673"/>
<nuclide alias="Ni60" density="0.000603499"/>
<nuclide alias="Ni61" density="2.62336e-05"/>
<nuclide alias="Ni62" density="8.36429e-05"/>
<nuclide alias="Ni64" density="2.13016e-05"/>
<nuclide alias="Mn55" density="0.00010187"/>
<nuclide alias="Si28" density="6.18138e-05"/>
<nuclide alias="Si29" density="3.1402e-06"/>
<nuclide alias="Si30" density="2.07247e-06"/>
</material>
<material ID="6" temperature="571.65">
<nuclide alias="HinH2O" density="0.0280571"/>
<nuclide alias="O16  " density="0.0140589"/>
<nuclide alias="B10s " density="1.86032e-06"/>
<nuclide alias="B11s " density="7.48802e-06"/>
<nuclide alias="Cr50" density="2.51342e-05"/>
<nuclide alias="Cr52" density="0.000484692"/>
<nuclide alias="Cr53" density="5.49608e-05"/>
<nuclide alias="Cr54" density="1.36808e-05"/>
<nuclide alias="Fe54" density="0.000112703"/>
<nuclide alias="Fe56" density="0.00176917"/>
<nuclide alias="Fe57" density="4.08591e-05"/>
<nuclide alias="Fe58" density="5.43757e-06"/>
<nuclide alias="Zr90 " density="0.00221762"/>
<nuclide alias="Zr91 " density="0.000483616"/>
<nuclide alias="Zr92 " density="0.000739221"/>
<nuclide alias="Zr94 " density="0.000749137"/>
<nuclide alias="Zr96 " density="0.000120691"/>
<nuclide alias="Sn112" density="4.74828e-07"/>
<nuclide alias="Sn114" density="3.23078e-07"/>
<nuclide alias="Sn115" density="1.66431e-07"/>
<nuclide alias="Sn116" density="7.11759e-06"/>
<nuclide alias="Sn117" density="3.7595e-06"/>
<nuclide alias="Sn118" density="1.18557e-05"/>
<nuclide alias="Sn119" density="4.20492e-06"/>
<nuclide alias="Sn120" density="1.59482e-05"/>
<nuclide alias="Sn122" density="2.26649e-06"/>
<nuclide alias="Sn124" density="2.83434e-06"/>
<nuclide alias="He4" density="6.93176e-05"/>
<nuclide alias="Ni58" density="0.000181167"/>
<nuclide alias="Ni60" density="6.97842e-05"/>
<nuclide alias="Ni61" density="3.03352e-06"/>
<nuclide alias="Ni62" density="9.67224e-06"/>
<nuclide alias="Ni64" density="2.46323e-06"/>
<nuclide alias="Mn55" density="5.68609e-05"/>
<nuclide alias="Si28" density="3.07735e-05"/>
<nuclide alias="Si29" density="1.56332e-06"/>
<nuclide alias="Si30" density="1.03176e-06"/>
</material>
<material ID="7" temperature="571.65">
<nuclide alias="HinH2O" density="0.029284"/>
<nuclide alias="O16  " density="0.0147546"/>
<nuclide alias="B10s " density="1.94168e-06"/>
<nuclide alias="B11s " density="7.8155e-06"/>
<nuclide alias="Cr50" density="9.07238e-06"/>
<nuclide alias="Cr52" density="0.000174953"/>
<nuclide alias="Cr53" density="1.98384e-05"/>
<nuclide alias="Cr54" density="4.93816e-06"/>
<nuclide alias="Fe54" density="3.85766e-05"/>
<nuclide alias="Fe56" density="0.000605561"/>
<nuclide alias="Fe57" density="1.39854e-05"/>
<nuclide alias="Fe58" density="1.86119e-06"/>
<nuclide alias="Zr90 " density="0.00821787"/>
<nuclide alias="Zr91 " density="0.00179214"/>
<nuclide alias="Zr92 " density="0.00273934"/>
<nuclide alias="Zr94 " density="0.00277609"/>
<nuclide alias="Zr96 " density="0.000447244"/>
<nuclide alias="Sn112" density="1.75957e-06"/>
<nuclide alias="Sn114" density="1.19723e-06"/>
<nuclide alias="Sn115" density="6.16745e-07"/>
<nuclide alias="Sn116" density="2.63757e-05"/>
<nuclide alias="Sn117" density="1.39316e-05"/>
<nuclide alias="Sn118" density="4.39338e-05"/>
<nuclide alias="Sn119" density="1.55822e-05"/>
<nuclide alias="Sn120" density="5.90992e-05"/>
<nuclide alias="Sn122" density="8.39896e-06"/>
<nuclide alias="Sn124" density="1.05032e-05"/>
<nuclide alias="He4" density="1.77426e-06"/>
<nuclide alias="Ni58" density="5.72108e-05"/>
<nuclide alias="Ni60" density="2.20371e-05"/>
<nuclide alias="Ni61" density="9.57953e-07"/>
<nuclide alias="Ni62" density="3.05439e-06"/>
<nuclide alias="Ni64" density="7.77862e-07"/>
<nuclide alias="Mn55" density="1.79561e-05"/>
<nuclide alias="Si28" density="9.71795e-06"/>
<nuclide alias="Si29" density="4.9368e-07"/>
<nuclide alias="Si30" density="3.25819e-07"/>
</material>
<material ID="8" temperature="571.65">
<nuclide alias="HinH2O" density="0.0474091"/>
<nuclide alias="O16  " density="0.0237063"/>
<nuclide alias="B10s " density="3.14345e-06"/>
<nuclide alias="B11s " density="1.26528e-05"/>
<nuclide alias="Cr50" density="9.46446e-06"/>
<nuclide alias="Cr52" density="0.000182514"/>
<nuclide alias="Cr53" density="2.06959e-05"/>
<nuclide alias="Cr54" density="5.1516e-06"/>
<nuclide alias="Fe54" density="4.26372e-05"/>
<nuclide alias="Fe56" density="0.000669301"/>
<nuclide alias="Fe57" density="1.54575e-05"/>
<nuclide alias="Fe58" density="2.0571e-06"/>
<nuclide alias="Zr90 " density="0.00013751"/>
<nuclide alias="Zr91 " density="2.9988e-05"/>
<nuclide alias="Zr92 " density="4.58375e-05"/>
<nuclide alias="Zr94 " density="4.64524e-05"/>
<nuclide alias="Zr96 " density="7.48377e-06"/>
<nuclide alias="Sn112" density="2.94431e-08"/>
<nuclide alias="Sn114" density="2.00334e-08"/>
<nuclide alias="Sn115" density="1.032e-08"/>
<nuclide alias="Sn116" density="4.41347e-07"/>
<nuclide alias="Sn117" density="2.33119e-07"/>
<nuclide alias="Sn118" density="7.35147e-07"/>
<nuclide alias="Sn119" density="2.60738e-07"/>
<nuclide alias="Sn120" density="9.88911e-07"/>
<nuclide alias="Sn122" density="1.4054e-07"/>
<nuclide alias="Sn124" density="1.75751e-07"/>
<nuclide alias="Ni58" density="6.89895e-05"/>
<nuclide alias="Ni60" density="2.65742e-05"/>
<nuclide alias="Ni61" density="1.15518e-06"/>
<nuclide alias="Ni62" density="3.68324e-06"/>
<nuclide alias="Ni64" density="9.3801e-07"/>
<nuclide alias="Mn55" density="2.16529e-05"/>
<nuclide alias="Si28" density="1.17187e-05"/>
<nuclide alias="Si29" density="5.9532e-07"/>
<nuclide alias="Si30" density="3.92899e-07"/>
</material>
<material BOR="800.0" ID="255" pressure="15.5" temperature="571.65">
<nuclide alias="HinH2O" density=""/>
<nuclide alias="O16" density=""/>
<nuclide alias="B10s" density=""/>
<nuclide alias="B11s" density=""/>
</material>
<SubGeo HalfWidth="0.63" ID="1" NumLines1st="5" NumLines2nd="8" SubType="1">
<Angle1st>0</Angle1st>
<Ring1st>5</Ring1st>
<GapType>0</GapType>
<GapWidth>0.0</GapWidth>
<Lines1st>
0.2364249352
0.3343553499
0.4095
0.418
0.475
</Lines1st>
<Lines2nd/>
</SubGeo>
<SubMat ID="1" SubID="1">
<MatIDs>
1
1
1
2
3
255
</MatIDs>
</SubMat>
<SubGeo HalfWidth="0.63" ID="10001" NumLines1st="5" NumLines2nd="8" SubType="1">
<Angle1st>0</Angle1st>
<Ring1st>5</Ring1st>
<GapType>1</GapType>
<GapWidth>0.042</GapWidth>
<Lines1st>
0.2364249352
0.3343553499
0.4095
0.418
0.475
</Lines1st>
<Lines2nd/>
</SubGeo>
<SubMat ID="10001" SubID="10001">
<MatIDs>
1
1
1
2
3
255
</MatIDs>
</SubMat>
<SubGeo HalfWidth="0.63" ID="20001" NumLines1st="5" NumLines2nd="8" SubType="1">
<Angle1st>0</Angle1st>
<Ring1st>5</Ring1st>
<GapType>2</GapType>
<GapWidth>0.042</GapWidth>
<Lines1st>
0.2364249352
0.3343553499
0.4095
0.418
0.475
</Lines1st>
<Lines2nd/>
</SubGeo>
<SubMat ID="20001" SubID="20001">
<MatIDs>
1
1
1
2
3
255
</MatIDs>
</SubMat>
<SubGeo HalfWidth="0.63" ID="30001" NumLines1st="5" NumLines2nd="8" SubType="1">
<Angle1st>0</Angle1st>
<Ring1st>5</Ring1st>
<GapType>3</GapType>
<GapWidth>0.042</GapWidth>
<Lines1st>
0.2364249352
0.3343553499
0.4095
0.418
0.475
</Lines1st>
<Lines2nd/>
</SubGeo>
<SubMat ID="30001" SubID="30001">
<MatIDs>
1
1
1
2
3
255
</MatIDs>
</SubMat>
<SubGeo HalfWidth="0.63" ID="40001" NumLines1st="5" NumLines2nd="8" SubType="1">
<Angle1st>0</Angle1st>
<Ring1st>5</Ring1st>
<GapType>4</GapType>
<GapWidth>0.042</GapWidth>
<Lines1st>
0.2364249352
0.3343553499
0.4095
0.418
0.475
</Lines1st>
<Lines2nd/>
</SubGeo>
<SubMat ID="40001" SubID="40001">
<MatIDs>
1
1
1
2
3
255
</MatIDs>
</SubMat>
<SubGeo HalfWidth="0.63" ID="50001" NumLines1st="5" NumLines2nd="8" SubType="1">
<Angle1st>0</Angle1st>
<Ring1st>5</Ring1st>
<GapType>14</GapType>
<GapWidth>0.042</GapWidth>
<Lines1st>
0.2364249352
0.3343553499
0.4095
0.418
0.475
</Lines1st>
<Lines2nd/>
</SubGeo>
<SubMat ID="50001" SubID="50001">
<MatIDs>
1
1
1
2
3
255
</MatIDs>
</SubMat>
<SubGeo HalfWidth="0.63" ID="60001" NumLines1st="5" NumLines2nd="8" SubType="1">
<Angle1st>0</Angle1st>
<Ring1st>5</Ring1st>
<GapType>21</GapType>
<GapWidth>0.042</GapWidth>
<Lines1st>
0.2364249352
0.3343553499
0.4095
0.418
0.475
</Lines1st>
<Lines2nd/>
</SubGeo>
<SubMat ID="60001" SubID="60001">
<MatIDs>
1
1
1
2
3
255
</MatIDs>
</SubMat>
<SubGeo HalfWidth="0.63" ID="70001" NumLines1st="5" NumLines2nd="8" SubType="1">
<Angle1st>0</Angle1st>
<Ring1st>5</Ring1st>
<GapType>32</GapType>
<GapWidth>0.042</GapWidth>
<Lines1st>
0.2364249352
0.3343553499
0.4095
0.418
0.475
</Lines1st>
<Lines2nd/>
</SubGeo>
<SubMat ID="70001" SubID="70001">
<MatIDs>
1
1
1
2
3
255
</MatIDs>
</SubMat>
<SubGeo HalfWidth="0.63" ID="80001" NumLines1st="5" NumLines2nd="8" SubType="1">
<Angle1st>0</Angle1st>
<Ring1st>5</Ring1st>
<GapType>43</GapType>
<GapWidth>0.042</GapWidth>
<Lines1st>
0.2364249352
0.3343553499
0.4095
0.418
0.475
</Lines1st>
<Lines2nd/>
</SubGeo>
<SubMat ID="80001" SubID="80001">
<MatIDs>
1
1
1
2
3
255
</MatIDs>
</SubMat>
<SubGeo HalfWidth="0.63" ID="2" NumLines1st="4" NumLines2nd="8" SubType="1">
<Angle1st>0</Angle1st>
<Ring1st>4</Ring1st>
<GapType>0</GapType>
<GapWidth>0.0</GapWidth>
<Lines1st>
0.3305330291
0.4674442926
0.5725
0.6225
</Lines1st>
<Lines2nd/>
</SubGeo>
<SubMat ID="2" SubID="2">
<MatIDs>
255
255
255
3
255
</MatIDs>
</SubMat>
<SubGeo HalfWidth="0.63" ID="3" NumLines1st="5" NumLines2nd="5" SubType="7">
<Angle1st>0</Angle1st>
<Ring1st>0</Ring1st>
<GapType>0</GapType>
<GapWidth>0.0</GapWidth>
<Lines1st>
0.252
0.504
0.756
1.008
1.26
</Lines1st>
<Lines2nd>
0.252
0.504
0.756
1.008
1.26
</Lines2nd>
</SubGeo>
<SubMat ID="3" SubID="3">
<MatIDs>
4 4 4 4 4 
4 4 4 4 4 
4 4 4 4 4 
4 4 4 4 4 
4 4 4 4 4 
</MatIDs>
</SubMat>
<SubGeo HalfWidth="0.63" ID="4" NumLines1st="6" NumLines2nd="6" SubType="7">
<Angle1st>0</Angle1st>
<Ring1st>0</Ring1st>
<GapType>0</GapType>
<GapWidth>0.0</GapWidth>
<Lines1st>
0.18
0.252
0.504
0.756
1.008
1.26
</Lines1st>
<Lines2nd>
0.21
0.42
0.63
0.84
1.05
1.26
</Lines2nd>
</SubGeo>
<SubMat ID="4" SubID="4">
<MatIDs>
4 5 5 5 5 5 
4 5 5 5 5 5 
4 5 5 5 5 5 
4 5 5 5 5 5 
4 5 5 5 5 5 
4 5 5 5 5 5 
</MatIDs>
</SubMat>
<SubGeo HalfWidth="0.63" ID="5" NumLines1st="5" NumLines2nd="5" SubType="7">
<Angle1st>0</Angle1st>
<Ring1st>0</Ring1st>
<GapType>0</GapType>
<GapWidth>0.0</GapWidth>
<Lines1st>
0.252
0.504
0.756
1.008
1.26
</Lines1st>
<Lines2nd>
0.252
0.504
0.756
1.008
1.26
</Lines2nd>
</SubGeo>
<SubMat ID="5" SubID="5">
<MatIDs>
5 5 5 5 5 
5 5 5 5 5 
5 5 5 5 5 
5 5 5 5 5 
5 5 5 5 5 
</MatIDs>
</SubMat>
<SubGeo HalfWidth="0.63" ID="6" NumLines1st="6" NumLines2nd="6" SubType="7">
<Angle1st>0</Angle1st>
<Ring1st>0</Ring1st>
<GapType>0</GapType>
<GapWidth>0.0</GapWidth>
<Lines1st>
0.14
0.252
0.504
0.756
1.008
1.26
</Lines1st>
<Lines2nd>
0.21
0.42
0.63
0.84
1.05
1.26
</Lines2nd>
</SubGeo>
<SubMat ID="6" SubID="6">
<MatIDs>
5 6 6 6 6 6 
5 6 6 6 6 6 
5 6 6 6 6 6 
5 6 6 6 6 6 
5 6 6 6 6 6 
5 6 6 6 6 6 
</MatIDs>
</SubMat>
<SubGeo HalfWidth="0.63" ID="7" NumLines1st="6" NumLines2nd="6" SubType="7">
<Angle1st>0</Angle1st>
<Ring1st>0</Ring1st>
<GapType>0</GapType>
<GapWidth>0.0</GapWidth>
<Lines1st>
0.252
0.504
0.756
0.88
1.008
1.26
</Lines1st>
<Lines2nd>
0.21
0.42
0.63
0.84
1.05
1.26
</Lines2nd>
</SubGeo>
<SubMat ID="7" SubID="7">
<MatIDs>
6 6 6 6 7 7 
6 6 6 6 7 7 
6 6 6 6 7 7 
6 6 6 6 7 7 
6 6 6 6 7 7 
6 6 6 6 7 7 
</MatIDs>
</SubMat>
<SubGeo HalfWidth="0.63" ID="8" NumLines1st="6" NumLines2nd="6" SubType="7">
<Angle1st>0</Angle1st>
<Ring1st>0</Ring1st>
<GapType>0</GapType>
<GapWidth>0.0</GapWidth>
<Lines1st>
0.252
0.504
0.62
0.756
1.008
1.26
</Lines1st>
<Lines2nd>
0.21
0.42
0.63
0.84
1.05
1.26
</Lines2nd>
</SubGeo>
<SubMat ID="8" SubID="8">
<MatIDs>
7 7 7 8 8 8 
7 7 7 8 8 8 
7 7 7 8 8 8 
7 7 7 8 8 8 
7 7 7 8 8 8 
7 7 7 8 8 8 
</MatIDs>
</SubMat>
<SubGeo HalfWidth="0.63" ID="9" NumLines1st="5" NumLines2nd="5" SubType="7">
<Angle1st>0</Angle1st>
<Ring1st>0</Ring1st>
<GapType>0</GapType>
<GapWidth>0.0</GapWidth>
<Lines1st>
0.252
0.504
0.756
1.008
1.26
</Lines1st>
<Lines2nd>
0.252
0.504
0.756
1.008
1.26
</Lines2nd>
</SubGeo>
<SubMat ID="9" SubID="9">
<MatIDs>
8 8 8 8 8 
8 8 8 8 8 
8 8 8 8 8 
8 8 8 8 8 
8 8 8 8 8 
</MatIDs>
</SubMat>
<SubGeo HalfWidth="0.63" ID="10" NumLines1st="6" NumLines2nd="6" SubType="7">
<Angle1st>0</Angle1st>
<Ring1st>0</Ring1st>
<GapType>0</GapType>
<GapWidth>0.0</GapWidth>
<Lines1st>
0.1
0.252
0.504
0.756
1.008
1.26
</Lines1st>
<Lines2nd>
0.21
0.42
0.63
0.84
1.05
1.26
</Lines2nd>
</SubGeo>
<SubMat ID="10" SubID="10">
<MatIDs>
8 255 255 255 255 255 
8 255 255 255 255 255 
8 255 255 255 255 255 
8 255 255 255 255 255 
8 255 255 255 255 255 
8 255 255 255 255 255 
</MatIDs>
</SubMat>
<SubGeo HalfWidth="0.63" ID="11" NumLines1st="5" NumLines2nd="5" SubType="7">
<Angle1st>0</Angle1st>
<Ring1st>0</Ring1st>
<GapType>0</GapType>
<GapWidth>0.0</GapWidth>
<Lines1st>
0.252
0.504
0.756
1.008
1.26
</Lines1st>
<Lines2nd>
0.252
0.504
0.756
1.008
1.26
</Lines2nd>
</SubGeo>
<SubMat ID="11" SubID="11">
<MatIDs>
255 255 255 255 255 
255 255 255 255 255 
255 255 255 255 255 
255 255 255 255 255 
255 255 255 255 255 
</MatIDs>
</SubMat>
<ModGeo ID="1" ModType="1" NumSubXs="17" NumSubYs="17">
<L>
70001 30001 30001 30001 30001 30001 30001 30001 30001 30001 30001 30001 30001 30001 30001 30001 80001
20001     1     1     1     1     1     1     1     1     1     1     1     1     1     1     1 40001
20001     1     1     1     1     2     1     1     2     1     1     2     1     1     1     1 40001
20001     1     1     2     1     1     1     1     1     1     1     1     1     2     1     1 40001
20001     1     1     1     1     1     1     1     1     1     1     1     1     1     1     1 40001
20001     1     2     1     1     2     1     1     2     1     1     2     1     1     2     1 40001
20001     1     1     1     1     1     1     1     1     1     1     1     1     1     1     1 40001
20001     1     1     1     1     1     1     1     1     1     1     1     1     1     1     1 40001
20001     1     2     1     1     2     1     1     2     1     1     2     1     1     2     1 40001
20001     1     1     1     1     1     1     1     1     1     1     1     1     1     1     1 40001
20001     1     1     1     1     1     1     1     1     1     1     1     1     1     1     1 40001
20001     1     2     1     1     2     1     1     2     1     1     2     1     1     2     1 40001
20001     1     1     1     1     1     1     1     1     1     1     1     1     1     1     1 40001
20001     1     1     2     1     1     1     1     1     1     1     1     1     2     1     1 40001
20001     1     1     1     1     2     1     1     2     1     1     2     1     1     1     1 40001
20001     1     1     1     1     1     1     1     1     1     1     1     1     1     1     1 40001
60001 10001 10001 10001 10001 10001 10001 10001 10001 10001 10001 10001 10001 10001 10001 10001 50001
</L>
</ModGeo>
<ModMat ID="1" ModID="1" NumSubXs="17" NumSubYs="17">
<L>
70001 30001 30001 30001 30001 30001 30001 30001 30001 30001 30001 30001 30001 30001 30001 30001 80001
20001     1     1     1     1     1     1     1     1     1     1     1     1     1     1     1 40001
20001     1     1     1     1     2     1     1     2     1     1     2     1     1     1     1 40001
20001     1     1     2     1     1     1     1     1     1     1     1     1     2     1     1 40001
20001     1     1     1     1     1     1     1     1     1     1     1     1     1     1     1 40001
20001     1     2     1     1     2     1     1     2     1     1     2     1     1     2     1 40001
20001     1     1     1     1     1     1     1     1     1     1     1     1     1     1     1 40001
20001     1     1     1     1     1     1     1     1     1     1     1     1     1     1     1 40001
20001     1     2     1     1     2     1     1     2     1     1     2     1     1     2     1 40001
20001     1     1     1     1     1     1     1     1     1     1     1     1     1     1     1 40001
20001     1     1     1     1     1     1     1     1     1     1     1     1     1     1     1 40001
20001     1     2     1     1     2     1     1     2     1     1     2     1     1     2     1 40001
20001     1     1     1     1     1     1     1     1     1     1     1     1     1     1     1 40001
20001     1     1     2     1     1     1     1     1     1     1     1     1     2     1     1 40001
20001     1     1     1     1     2     1     1     2     1     1     2     1     1     1     1 40001
20001     1     1     1     1     1     1     1     1     1     1     1     1     1     1     1 40001
60001 10001 10001 10001 10001 10001 10001 10001 10001 10001 10001 10001 10001 10001 10001 10001 50001
</L>
</ModMat>
<ModGeo ID="2" ModType="1" NumSubXs="17" NumSubYs="17">
<L>
3 3 3 3 3 3 3 4 5 5 5 6 7 8 9 10 11 
3 3 3 3 3 3 3 4 5 5 5 6 7 8 9 10 11 
3 3 3 3 3 3 3 4 5 5 5 6 7 8 9 10 11 
3 3 3 3 3 3 3 4 5 5 5 6 7 8 9 10 11 
3 3 3 3 3 3 3 4 5 5 5 6 7 8 9 10 11 
3 3 3 3 3 3 3 4 5 5 5 6 7 8 9 10 11 
3 3 3 3 3 3 3 4 5 5 5 6 7 8 9 10 11 
3 3 3 3 3 3 3 4 5 5 5 6 7 8 9 10 11 
3 3 3 3 3 3 3 4 5 5 5 6 7 8 9 10 11 
3 3 3 3 3 3 3 4 5 5 5 6 7 8 9 10 11 
3 3 3 3 3 3 3 4 5 5 5 6 7 8 9 10 11 
3 3 3 3 3 3 3 4 5 5 5 6 7 8 9 10 11 
3 3 3 3 3 3 3 4 5 5 5 6 7 8 9 10 11 
3 3 3 3 3 3 3 4 5 5 5 6 7 8 9 10 11 
3 3 3 3 3 3 3 4 5 5 5 6 7 8 9 10 11 
3 3 3 3 3 3 3 4 5 5 5 6 7 8 9 10 11 
3 3 3 3 3 3 3 4 5 5 5 6 7 8 9 10 11 
</L>
</ModGeo>
<ModMat ID="2" ModID="2" NumSubXs="17" NumSubYs="17">
<L>
3 3 3 3 3 3 3 4 5 5 5 6 7 8 9 10 11 
3 3 3 3 3 3 3 4 5 5 5 6 7 8 9 10 11 
3 3 3 3 3 3 3 4 5 5 5 6 7 8 9 10 11 
3 3 3 3 3 3 3 4 5 5 5 6 7 8 9 10 11 
3 3 3 3 3 3 3 4 5 5 5 6 7 8 9 10 11 
3 3 3 3 3 3 3 4 5 5 5 6 7 8 9 10 11 
3 3 3 3 3 3 3 4 5 5 5 6 7 8 9 10 11 
3 3 3 3 3 3 3 4 5 5 5 6 7 8 9 10 11 
3 3 3 3 3 3 3 4 5 5 5 6 7 8 9 10 11 
3 3 3 3 3 3 3 4 5 5 5 6 7 8 9 10 11 
3 3 3 3 3 3 3 4 5 5 5 6 7 8 9 10 11 
3 3 3 3 3 3 3 4 5 5 5 6 7 8 9 10 11 
3 3 3 3 3 3 3 4 5 5 5 6 7 8 9 10 11 
3 3 3 3 3 3 3 4 5 5 5 6 7 8 9 10 11 
3 3 3 3 3 3 3 4 5 5 5 6 7 8 9 10 11 
3 3 3 3 3 3 3 4 5 5 5 6 7 8 9 10 11 
3 3 3 3 3 3 3 4 5 5 5 6 7 8 9 10 11 
</L>
</ModMat>
<CoreGeo NumModXs="2" NumModYs="1">
<L>1 2</L>
</CoreGeo>
<CoreMat NumModXs="2" NumModYs="1">
<L>1 2</L>
</CoreMat>
<condition azimuthnum="16" polarnum="3" raynum="500">
<boundary bottom="1.0" lean="1.0" left="1.0" right="0.0" top="1.0"/>
</condition>
<depletion power="40.0126975752">
<BurnStep/>
</depletion>
<leakage buckling="0.0" mode="no"/>
<criterion FerrInLimit="1.0E-5" FerrOutLimit="1.0E-4" KerrLimit="1.0E-5" MaxNinIter="30" MaxNoutIter="200">
<CMFDMG button="on"/>
<CMFDFG button="off" ngroup="2">
<EGbound>45 69</EGbound>
</CMFDFG>
</criterion>
<condense>
<ConRegMode>0</ConRegMode>
<Grp>45 69</Grp>
<Reg>
<RegNum/>
</Reg>
</condense>
<print>
<option>0 0 0 0 0 0 0 0 0 0</option>
</print>
<restart begin="yes">
<material BOR="0.0" ID="255" ResetAll="yes" pressure="15.5" temperature="550.15"/>
<leakage buckling="0.0" mode="no"/>
<depletion power="40.0126975752">
<BurnStep>0.0</BurnStep>
</depletion>
<LinkPara BOR="0.0" ControlRod="no" TFU="866.15" TMO="550.15"/>
</restart>
<restart begin="yes">
<material BOR="200.0" ID="255" ResetAll="yes" pressure="15.5" temperature="550.15"/>
<leakage buckling="0.0" mode="no"/>
<depletion power="40.0126975752">
<BurnStep>0.0</BurnStep>
</depletion>
<LinkPara BOR="200.0" ControlRod="no" TFU="866.15" TMO="550.15"/>
</restart>
<restart begin="yes">
<material BOR="400.0" ID="255" ResetAll="yes" pressure="15.5" temperature="550.15"/>
<leakage buckling="0.0" mode="no"/>
<depletion power="40.0126975752">
<BurnStep>0.0</BurnStep>
</depletion>
<LinkPara BOR="400.0" ControlRod="no" TFU="866.15" TMO="550.15"/>
</restart>
<restart begin="yes">
<material BOR="600.0" ID="255" ResetAll="yes" pressure="15.5" temperature="550.15"/>
<leakage buckling="0.0" mode="no"/>
<depletion power="40.0126975752">
<BurnStep>0.0</BurnStep>
</depletion>
<LinkPara BOR="600.0" ControlRod="no" TFU="866.15" TMO="550.15"/>
</restart>
<restart begin="yes">
<material BOR="800.0" ID="255" ResetAll="yes" pressure="15.5" temperature="550.15"/>
<leakage buckling="0.0" mode="no"/>
<depletion power="40.0126975752">
<BurnStep>0.0</BurnStep>
</depletion>
<LinkPara BOR="800.0" ControlRod="no" TFU="866.15" TMO="550.15"/>
</restart>
<restart begin="yes">
<material BOR="1000.0" ID="255" ResetAll="yes" pressure="15.5" temperature="550.15"/>
<leakage buckling="0.0" mode="no"/>
<depletion power="40.0126975752">
<BurnStep>0.0</BurnStep>
</depletion>
<LinkPara BOR="1000.0" ControlRod="no" TFU="866.15" TMO="550.15"/>
</restart>
<restart begin="yes">
<material BOR="1200.0" ID="255" ResetAll="yes" pressure="15.5" temperature="550.15"/>
<leakage buckling="0.0" mode="no"/>
<depletion power="40.0126975752">
<BurnStep>0.0</BurnStep>
</depletion>
<LinkPara BOR="1200.0" ControlRod="no" TFU="866.15" TMO="550.15"/>
</restart>
<restart begin="yes">
<material BOR="1400.0" ID="255" ResetAll="yes" pressure="15.5" temperature="550.15"/>
<leakage buckling="0.0" mode="no"/>
<depletion power="40.0126975752">
<BurnStep>0.0</BurnStep>
</depletion>
<LinkPara BOR="1400.0" ControlRod="no" TFU="866.15" TMO="550.15"/>
</restart>
<restart begin="yes">
<material BOR="1600.0" ID="255" ResetAll="yes" pressure="15.5" temperature="550.15"/>
<leakage buckling="0.0" mode="no"/>
<depletion power="40.0126975752">
<BurnStep>0.0</BurnStep>
</depletion>
<LinkPara BOR="1600.0" ControlRod="no" TFU="866.15" TMO="550.15"/>
</restart>
<restart begin="yes">
<material BOR="1800.0" ID="255" ResetAll="yes" pressure="15.5" temperature="550.15"/>
<leakage buckling="0.0" mode="no"/>
<depletion power="40.0126975752">
<BurnStep>0.0</BurnStep>
</depletion>
<LinkPara BOR="1800.0" ControlRod="no" TFU="866.15" TMO="550.15"/>
</restart>
<restart begin="yes">
<material BOR="0.0" ID="255" ResetAll="yes" pressure="15.5" temperature="571.65"/>
<leakage buckling="0.0" mode="no"/>
<depletion power="40.0126975752">
<BurnStep>0.0</BurnStep>
</depletion>
<LinkPara BOR="0.0" ControlRod="no" TFU="866.15" TMO="571.65"/>
</restart>
<restart begin="yes">
<material BOR="200.0" ID="255" ResetAll="yes" pressure="15.5" temperature="571.65"/>
<leakage buckling="0.0" mode="no"/>
<depletion power="40.0126975752">
<BurnStep>0.0</BurnStep>
</depletion>
<LinkPara BOR="200.0" ControlRod="no" TFU="866.15" TMO="571.65"/>
</restart>
<restart begin="yes">
<material BOR="400.0" ID="255" ResetAll="yes" pressure="15.5" temperature="571.65"/>
<leakage buckling="0.0" mode="no"/>
<depletion power="40.0126975752">
<BurnStep>0.0</BurnStep>
</depletion>
<LinkPara BOR="400.0" ControlRod="no" TFU="866.15" TMO="571.65"/>
</restart>
<restart begin="yes">
<material BOR="600.0" ID="255" ResetAll="yes" pressure="15.5" temperature="571.65"/>
<leakage buckling="0.0" mode="no"/>
<depletion power="40.0126975752">
<BurnStep>0.0</BurnStep>
</depletion>
<LinkPara BOR="600.0" ControlRod="no" TFU="866.15" TMO="571.65"/>
</restart>
<restart begin="yes">
<material BOR="1000.0" ID="255" ResetAll="yes" pressure="15.5" temperature="571.65"/>
<leakage buckling="0.0" mode="no"/>
<depletion power="40.0126975752">
<BurnStep>0.0</BurnStep>
</depletion>
<LinkPara BOR="1000.0" ControlRod="no" TFU="866.15" TMO="571.65"/>
</restart>
<restart begin="yes">
<material BOR="1200.0" ID="255" ResetAll="yes" pressure="15.5" temperature="571.65"/>
<leakage buckling="0.0" mode="no"/>
<depletion power="40.0126975752">
<BurnStep>0.0</BurnStep>
</depletion>
<LinkPara BOR="1200.0" ControlRod="no" TFU="866.15" TMO="571.65"/>
</restart>
<restart begin="yes">
<material BOR="1400.0" ID="255" ResetAll="yes" pressure="15.5" temperature="571.65"/>
<leakage buckling="0.0" mode="no"/>
<depletion power="40.0126975752">
<BurnStep>0.0</BurnStep>
</depletion>
<LinkPara BOR="1400.0" ControlRod="no" TFU="866.15" TMO="571.65"/>
</restart>
<restart begin="yes">
<material BOR="1600.0" ID="255" ResetAll="yes" pressure="15.5" temperature="571.65"/>
<leakage buckling="0.0" mode="no"/>
<depletion power="40.0126975752">
<BurnStep>0.0</BurnStep>
</depletion>
<LinkPara BOR="1600.0" ControlRod="no" TFU="866.15" TMO="571.65"/>
</restart>
<restart begin="yes">
<material BOR="1800.0" ID="255" ResetAll="yes" pressure="15.5" temperature="571.65"/>
<leakage buckling="0.0" mode="no"/>
<depletion power="40.0126975752">
<BurnStep>0.0</BurnStep>
</depletion>
<LinkPara BOR="1800.0" ControlRod="no" TFU="866.15" TMO="571.65"/>
</restart>
<restart begin="yes">
<material BOR="0.0" ID="255" ResetAll="yes" pressure="15.5" temperature="591.675"/>
<leakage buckling="0.0" mode="no"/>
<depletion power="40.0126975752">
<BurnStep>0.0</BurnStep>
</depletion>
<LinkPara BOR="0.0" ControlRod="no" TFU="866.15" TMO="591.675"/>
</restart>
<restart begin="yes">
<material BOR="200.0" ID="255" ResetAll="yes" pressure="15.5" temperature="591.675"/>
<leakage buckling="0.0" mode="no"/>
<depletion power="40.0126975752">
<BurnStep>0.0</BurnStep>
</depletion>
<LinkPara BOR="200.0" ControlRod="no" TFU="866.15" TMO="591.675"/>
</restart>
<restart begin="yes">
<material BOR="400.0" ID="255" ResetAll="yes" pressure="15.5" temperature="591.675"/>
<leakage buckling="0.0" mode="no"/>
<depletion power="40.0126975752">
<BurnStep>0.0</BurnStep>
</depletion>
<LinkPara BOR="400.0" ControlRod="no" TFU="866.15" TMO="591.675"/>
</restart>
<restart begin="yes">
<material BOR="600.0" ID="255" ResetAll="yes" pressure="15.5" temperature="591.675"/>
<leakage buckling="0.0" mode="no"/>
<depletion power="40.0126975752">
<BurnStep>0.0</BurnStep>
</depletion>
<LinkPara BOR="600.0" ControlRod="no" TFU="866.15" TMO="591.675"/>
</restart>
<restart begin="yes">
<material BOR="800.0" ID="255" ResetAll="yes" pressure="15.5" temperature="591.675"/>
<leakage buckling="0.0" mode="no"/>
<depletion power="40.0126975752">
<BurnStep>0.0</BurnStep>
</depletion>
<LinkPara BOR="800.0" ControlRod="no" TFU="866.15" TMO="591.675"/>
</restart>
<restart begin="yes">
<material BOR="1000.0" ID="255" ResetAll="yes" pressure="15.5" temperature="591.675"/>
<leakage buckling="0.0" mode="no"/>
<depletion power="40.0126975752">
<BurnStep>0.0</BurnStep>
</depletion>
<LinkPara BOR="1000.0" ControlRod="no" TFU="866.15" TMO="591.675"/>
</restart>
<restart begin="yes">
<material BOR="1200.0" ID="255" ResetAll="yes" pressure="15.5" temperature="591.675"/>
<leakage buckling="0.0" mode="no"/>
<depletion power="40.0126975752">
<BurnStep>0.0</BurnStep>
</depletion>
<LinkPara BOR="1200.0" ControlRod="no" TFU="866.15" TMO="591.675"/>
</restart>
<restart begin="yes">
<material BOR="1400.0" ID="255" ResetAll="yes" pressure="15.5" temperature="591.675"/>
<leakage buckling="0.0" mode="no"/>
<depletion power="40.0126975752">
<BurnStep>0.0</BurnStep>
</depletion>
<LinkPara BOR="1400.0" ControlRod="no" TFU="866.15" TMO="591.675"/>
</restart>
<restart begin="yes">
<material BOR="1600.0" ID="255" ResetAll="yes" pressure="15.5" temperature="591.675"/>
<leakage buckling="0.0" mode="no"/>
<depletion power="40.0126975752">
<BurnStep>0.0</BurnStep>
</depletion>
<LinkPara BOR="1600.0" ControlRod="no" TFU="866.15" TMO="591.675"/>
</restart>
<restart begin="yes">
<material BOR="1800.0" ID="255" ResetAll="yes" pressure="15.5" temperature="591.675"/>
<leakage buckling="0.0" mode="no"/>
<depletion power="40.0126975752">
<BurnStep>0.0</BurnStep>
</depletion>
<LinkPara BOR="1800.0" ControlRod="no" TFU="866.15" TMO="591.675"/>
</restart>
<restart begin="yes">
<material BOR="0.0" ID="255" ResetAll="yes" pressure="15.5" temperature="611.77"/>
<leakage buckling="0.0" mode="no"/>
<depletion power="40.0126975752">
<BurnStep>0.0</BurnStep>
</depletion>
<LinkPara BOR="0.0" ControlRod="no" TFU="866.15" TMO="611.77"/>
</restart>
<restart begin="yes">
<material BOR="200.0" ID="255" ResetAll="yes" pressure="15.5" temperature="611.77"/>
<leakage buckling="0.0" mode="no"/>
<depletion power="40.0126975752">
<BurnStep>0.0</BurnStep>
</depletion>
<LinkPara BOR="200.0" ControlRod="no" TFU="866.15" TMO="611.77"/>
</restart>
<restart begin="yes">
<material BOR="400.0" ID="255" ResetAll="yes" pressure="15.5" temperature="611.77"/>
<leakage buckling="0.0" mode="no"/>
<depletion power="40.0126975752">
<BurnStep>0.0</BurnStep>
</depletion>
<LinkPara BOR="400.0" ControlRod="no" TFU="866.15" TMO="611.77"/>
</restart>
<restart begin="yes">
<material BOR="600.0" ID="255" ResetAll="yes" pressure="15.5" temperature="611.77"/>
<leakage buckling="0.0" mode="no"/>
<depletion power="40.0126975752">
<BurnStep>0.0</BurnStep>
</depletion>
<LinkPara BOR="600.0" ControlRod="no" TFU="866.15" TMO="611.77"/>
</restart>
<restart begin="yes">
<material BOR="800.0" ID="255" ResetAll="yes" pressure="15.5" temperature="611.77"/>
<leakage buckling="0.0" mode="no"/>
<depletion power="40.0126975752">
<BurnStep>0.0</BurnStep>
</depletion>
<LinkPara BOR="800.0" ControlRod="no" TFU="866.15" TMO="611.77"/>
</restart>
<restart begin="yes">
<material BOR="1000.0" ID="255" ResetAll="yes" pressure="15.5" temperature="611.77"/>
<leakage buckling="0.0" mode="no"/>
<depletion power="40.0126975752">
<BurnStep>0.0</BurnStep>
</depletion>
<LinkPara BOR="1000.0" ControlRod="no" TFU="866.15" TMO="611.77"/>
</restart>
<restart begin="yes">
<material BOR="1200.0" ID="255" ResetAll="yes" pressure="15.5" temperature="611.77"/>
<leakage buckling="0.0" mode="no"/>
<depletion power="40.0126975752">
<BurnStep>0.0</BurnStep>
</depletion>
<LinkPara BOR="1200.0" ControlRod="no" TFU="866.15" TMO="611.77"/>
</restart>
<restart begin="yes">
<material BOR="1400.0" ID="255" ResetAll="yes" pressure="15.5" temperature="611.77"/>
<leakage buckling="0.0" mode="no"/>
<depletion power="40.0126975752">
<BurnStep>0.0</BurnStep>
</depletion>
<LinkPara BOR="1400.0" ControlRod="no" TFU="866.15" TMO="611.77"/>
</restart>
<restart begin="yes">
<material BOR="1600.0" ID="255" ResetAll="yes" pressure="15.5" temperature="611.77"/>
<leakage buckling="0.0" mode="no"/>
<depletion power="40.0126975752">
<BurnStep>0.0</BurnStep>
</depletion>
<LinkPara BOR="1600.0" ControlRod="no" TFU="866.15" TMO="611.77"/>
</restart>
<restart begin="yes">
<material BOR="1800.0" ID="255" ResetAll="yes" pressure="15.5" temperature="611.77"/>
<leakage buckling="0.0" mode="no"/>
<depletion power="40.0126975752">
<BurnStep>0.0</BurnStep>
</depletion>
<LinkPara BOR="1800.0" ControlRod="no" TFU="866.15" TMO="611.77"/>
</restart>
</input>
