<?xml version="1.0" ?>
<input>
<path>
<WIMSNdir>E:\BLattice\database\ENDF70.69\WIMSN\WIMSNdir.xml</WIMSNdir>
<subdir>E:\BLattice\database\ENDF70.69\LSQsub\LSQsubdir.xml</subdir>
<DepFile>E:\BLattice\database\DepFile\lavender.dat</DepFile>
</path>
<settings>
<transport_correction>yes</transport_correction>
<nxs_correction>no</nxs_correction>
<tr_cor_mode>inflow</tr_cor_mode>
<SXRFactor>1.0</SXRFactor>
<fismatrix/>
<energy_sph>yes</energy_sph>
<res_option>no</res_option>
<XEN>no</XEN>
<diff_coe>tr</diff_coe>
<macro_calc>no</macro_calc>
<homo Mode="3" PinOut="0" SPn="1"/>
<LinkPara BOR="800.0" ControlRod="no" TFU="866.15" TMO="571.65"/>
</settings>
<material ID="1" temperature="866.15">
<nuclide alias="U234" density="5.692882e-06"/>
<nuclide alias="U235" density="0.0007116102"/>
<nuclide alias="U238" density="0.02223786"/>
<nuclide alias="O16" density="0.04591034"/>
</material>
<material ID="2" temperature="571.65">
<nuclide alias="He4" density="0.000238438"/>
</material>
<material ID="3" temperature="571.65">
<nuclide alias="Zrnat" density="0.042430686"/>
<nuclide alias="Sn112" density="4.89374e-06"/>
<nuclide alias="Sn114" density="3.27135e-06"/>
<nuclide alias="Sn115" density="1.67057e-06"/>
<nuclide alias="Sn116" density="7.08258e-05"/>
<nuclide alias="Sn117" density="3.70897e-05"/>
<nuclide alias="Sn118" density="0.000115977"/>
<nuclide alias="Sn119" density="4.07866e-05"/>
<nuclide alias="Sn120" density="0.000153406"/>
<nuclide alias="Sn122" density="2.1443e-05"/>
<nuclide alias="Sn124" density="2.6382e-05"/>
<nuclide alias="Fe54" density="8.97511e-06"/>
<nuclide alias="Fe56" density="0.000135865"/>
<nuclide alias="Fe57" density="3.08261e-06"/>
<nuclide alias="Fe58" density="4.03171e-07"/>
<nuclide alias="Cr50" density="3.43472e-06"/>
<nuclide alias="Cr52" density="6.36185e-05"/>
<nuclide alias="Cr53" density="7.0775e-06"/>
<nuclide alias="Cr54" density="1.72914e-06"/>
<nuclide alias="O16" density="0.000308255"/>
<nuclide alias="Cnat" density="4.6014e-05"/>
</material>
<material BOR="800.0" ID="255" pressure="15.5" temperature="571.65">
<nuclide alias="HinH2O" density=""/>
<nuclide alias="O16" density=""/>
<nuclide alias="B10s" density=""/>
<nuclide alias="B11s" density=""/>
</material>
<SubGeo HalfWidth="0.63" ID="1" NumLines1st="5" NumLines2nd="8" SubType="1">
<Angle1st>0</Angle1st>
<Ring1st>5</Ring1st>
<GapType>0</GapType>
<GapWidth>0.0</GapWidth>
<Lines1st>
0.2364249352
0.3343553499
0.4095
0.418
0.475
</Lines1st>
<Lines2nd/>
</SubGeo>
<SubMat ID="1" SubID="1">
<MatIDs>
1
1
1
2
3
255
</MatIDs>
</SubMat>
<SubGeo HalfWidth="0.63" ID="10001" NumLines1st="5" NumLines2nd="8" SubType="1">
<Angle1st>0</Angle1st>
<Ring1st>5</Ring1st>
<GapType>1</GapType>
<GapWidth>0.042</GapWidth>
<Lines1st>
0.2364249352
0.3343553499
0.4095
0.418
0.475
</Lines1st>
<Lines2nd/>
</SubGeo>
<SubMat ID="10001" SubID="10001">
<MatIDs>
1
1
1
2
3
255
</MatIDs>
</SubMat>
<SubGeo HalfWidth="0.63" ID="20001" NumLines1st="5" NumLines2nd="8" SubType="1">
<Angle1st>0</Angle1st>
<Ring1st>5</Ring1st>
<GapType>2</GapType>
<GapWidth>0.042</GapWidth>
<Lines1st>
0.2364249352
0.3343553499
0.4095
0.418
0.475
</Lines1st>
<Lines2nd/>
</SubGeo>
<SubMat ID="20001" SubID="20001">
<MatIDs>
1
1
1
2
3
255
</MatIDs>
</SubMat>
<SubGeo HalfWidth="0.63" ID="30001" NumLines1st="5" NumLines2nd="8" SubType="1">
<Angle1st>0</Angle1st>
<Ring1st>5</Ring1st>
<GapType>3</GapType>
<GapWidth>0.042</GapWidth>
<Lines1st>
0.2364249352
0.3343553499
0.4095
0.418
0.475
</Lines1st>
<Lines2nd/>
</SubGeo>
<SubMat ID="30001" SubID="30001">
<MatIDs>
1
1
1
2
3
255
</MatIDs>
</SubMat>
<SubGeo HalfWidth="0.63" ID="40001" NumLines1st="5" NumLines2nd="8" SubType="1">
<Angle1st>0</Angle1st>
<Ring1st>5</Ring1st>
<GapType>4</GapType>
<GapWidth>0.042</GapWidth>
<Lines1st>
0.2364249352
0.3343553499
0.4095
0.418
0.475
</Lines1st>
<Lines2nd/>
</SubGeo>
<SubMat ID="40001" SubID="40001">
<MatIDs>
1
1
1
2
3
255
</MatIDs>
</SubMat>
<SubGeo HalfWidth="0.63" ID="50001" NumLines1st="5" NumLines2nd="8" SubType="1">
<Angle1st>0</Angle1st>
<Ring1st>5</Ring1st>
<GapType>14</GapType>
<GapWidth>0.042</GapWidth>
<Lines1st>
0.2364249352
0.3343553499
0.4095
0.418
0.475
</Lines1st>
<Lines2nd/>
</SubGeo>
<SubMat ID="50001" SubID="50001">
<MatIDs>
1
1
1
2
3
255
</MatIDs>
</SubMat>
<SubGeo HalfWidth="0.63" ID="60001" NumLines1st="5" NumLines2nd="8" SubType="1">
<Angle1st>0</Angle1st>
<Ring1st>5</Ring1st>
<GapType>21</GapType>
<GapWidth>0.042</GapWidth>
<Lines1st>
0.2364249352
0.3343553499
0.4095
0.418
0.475
</Lines1st>
<Lines2nd/>
</SubGeo>
<SubMat ID="60001" SubID="60001">
<MatIDs>
1
1
1
2
3
255
</MatIDs>
</SubMat>
<SubGeo HalfWidth="0.63" ID="70001" NumLines1st="5" NumLines2nd="8" SubType="1">
<Angle1st>0</Angle1st>
<Ring1st>5</Ring1st>
<GapType>32</GapType>
<GapWidth>0.042</GapWidth>
<Lines1st>
0.2364249352
0.3343553499
0.4095
0.418
0.475
</Lines1st>
<Lines2nd/>
</SubGeo>
<SubMat ID="70001" SubID="70001">
<MatIDs>
1
1
1
2
3
255
</MatIDs>
</SubMat>
<SubGeo HalfWidth="0.63" ID="80001" NumLines1st="5" NumLines2nd="8" SubType="1">
<Angle1st>0</Angle1st>
<Ring1st>5</Ring1st>
<GapType>43</GapType>
<GapWidth>0.042</GapWidth>
<Lines1st>
0.2364249352
0.3343553499
0.4095
0.418
0.475
</Lines1st>
<Lines2nd/>
</SubGeo>
<SubMat ID="80001" SubID="80001">
<MatIDs>
1
1
1
2
3
255
</MatIDs>
</SubMat>
<SubGeo HalfWidth="0.63" ID="2" NumLines1st="4" NumLines2nd="8" SubType="1">
<Angle1st>0</Angle1st>
<Ring1st>4</Ring1st>
<GapType>0</GapType>
<GapWidth>0.0</GapWidth>
<Lines1st>
0.3305330291
0.4674442926
0.5725
0.6225
</Lines1st>
<Lines2nd/>
</SubGeo>
<SubMat ID="2" SubID="2">
<MatIDs>
255
255
255
3
255
</MatIDs>
</SubMat>
<ModGeo ID="1" ModType="1" NumSubXs="17" NumSubYs="17">
<L>
70001 30001 30001 30001 30001 30001 30001 30001 30001 30001 30001 30001 30001 30001 30001 30001 80001
20001     1     1     1     1     1     1     1     1     1     1     1     1     1     1     1 40001
20001     1     1     1     1     2     1     1     2     1     1     2     1     1     1     1 40001
20001     1     1     2     1     1     1     1     1     1     1     1     1     2     1     1 40001
20001     1     1     1     1     1     1     1     1     1     1     1     1     1     1     1 40001
20001     1     2     1     1     2     1     1     2     1     1     2     1     1     2     1 40001
20001     1     1     1     1     1     1     1     1     1     1     1     1     1     1     1 40001
20001     1     1     1     1     1     1     1     1     1     1     1     1     1     1     1 40001
20001     1     2     1     1     2     1     1     2     1     1     2     1     1     2     1 40001
20001     1     1     1     1     1     1     1     1     1     1     1     1     1     1     1 40001
20001     1     1     1     1     1     1     1     1     1     1     1     1     1     1     1 40001
20001     1     2     1     1     2     1     1     2     1     1     2     1     1     2     1 40001
20001     1     1     1     1     1     1     1     1     1     1     1     1     1     1     1 40001
20001     1     1     2     1     1     1     1     1     1     1     1     1     2     1     1 40001
20001     1     1     1     1     2     1     1     2     1     1     2     1     1     1     1 40001
20001     1     1     1     1     1     1     1     1     1     1     1     1     1     1     1 40001
60001 10001 10001 10001 10001 10001 10001 10001 10001 10001 10001 10001 10001 10001 10001 10001 50001
</L>
</ModGeo>
<ModMat ID="1" ModID="1" NumSubXs="17" NumSubYs="17">
<L>
70001 30001 30001 30001 30001 30001 30001 30001 30001 30001 30001 30001 30001 30001 30001 30001 80001
20001     1     1     1     1     1     1     1     1     1     1     1     1     1     1     1 40001
20001     1     1     1     1     2     1     1     2     1     1     2     1     1     1     1 40001
20001     1     1     2     1     1     1     1     1     1     1     1     1     2     1     1 40001
20001     1     1     1     1     1     1     1     1     1     1     1     1     1     1     1 40001
20001     1     2     1     1     2     1     1     2     1     1     2     1     1     2     1 40001
20001     1     1     1     1     1     1     1     1     1     1     1     1     1     1     1 40001
20001     1     1     1     1     1     1     1     1     1     1     1     1     1     1     1 40001
20001     1     2     1     1     2     1     1     2     1     1     2     1     1     2     1 40001
20001     1     1     1     1     1     1     1     1     1     1     1     1     1     1     1 40001
20001     1     1     1     1     1     1     1     1     1     1     1     1     1     1     1 40001
20001     1     2     1     1     2     1     1     2     1     1     2     1     1     2     1 40001
20001     1     1     1     1     1     1     1     1     1     1     1     1     1     1     1 40001
20001     1     1     2     1     1     1     1     1     1     1     1     1     2     1     1 40001
20001     1     1     1     1     2     1     1     2     1     1     2     1     1     1     1 40001
20001     1     1     1     1     1     1     1     1     1     1     1     1     1     1     1 40001
60001 10001 10001 10001 10001 10001 10001 10001 10001 10001 10001 10001 10001 10001 10001 10001 50001
</L>
</ModMat>
<CoreGeo NumModXs="1" NumModYs="1">
<L>1</L>
</CoreGeo>
<CoreMat NumModXs="1" NumModYs="1">
<L>1</L>
</CoreMat>
<condition azimuthnum="16" polarnum="3" raynum="850">
<boundary bottom="1.0" lean="1.0" left="1.0" right="1.0" top="1.0"/>
</condition>
<depletion power="40.0126975752">
<BurnStep>
0.001
0.002
0.006
0.01
0.02
0.03
0.04
0.05
0.06
0.08
0.1
0.15
0.2
0.25
0.3
0.35
0.4
0.45
0.5
0.6
0.7
0.8
1.0
1.2
1.4
1.6
1.8
2.0
2.5
3.0
3.5
4.0
4.5
5.0
5.5
6.0
6.5
7.0
7.5
8.0
8.5
9.0
9.5
10.0
</BurnStep>
</depletion>
<leakage EGoption="2" buckling="0.0" mode="P1"/>
<criterion FerrInLimit="1.0E-5" FerrOutLimit="1.0E-4" KerrLimit="1.0E-5" MaxNinIter="3" MaxNoutIter="200">
<CMFDMG button="on"/>
<CMFDFG button="on" ngroup="2">
<EGbound>45 69</EGbound>
</CMFDFG>
</criterion>
<condense>
<ConRegMode>0</ConRegMode>
<Grp>45 69</Grp>
<Reg>
<RegNum/>
</Reg>
</condense>
<print>
<option>0 0 0 0 0 0 0 0 0 0</option>
</print>
<restart begin="yes">
<material BOR="0.0" ID="255" ResetAll="yes" pressure="15.5" temperature="571.65"/>
<leakage EGoption="2" buckling="0.0" mode="P1"/>
<depletion power="40.0126975752">
<BurnStep>0.0</BurnStep>
</depletion>
<LinkPara BOR="0.0" ControlRod="no" TFU="866.15" TMO="571.65"/>
</restart>
<restart begin="yes">
<material BOR="0.0" ID="255" ResetAll="yes" pressure="15.5" temperature="571.65"/>
<leakage EGoption="2" buckling="0.0" mode="P1"/>
<depletion power="40.0126975752">
<BurnStep>0.001</BurnStep>
</depletion>
<LinkPara BOR="0.0" ControlRod="no" TFU="866.15" TMO="571.65"/>
</restart>
<restart begin="yes">
<material BOR="0.0" ID="255" ResetAll="yes" pressure="15.5" temperature="571.65"/>
<leakage EGoption="2" buckling="0.0" mode="P1"/>
<depletion power="40.0126975752">
<BurnStep>0.002</BurnStep>
</depletion>
<LinkPara BOR="0.0" ControlRod="no" TFU="866.15" TMO="571.65"/>
</restart>
<restart begin="yes">
<material BOR="0.0" ID="255" ResetAll="yes" pressure="15.5" temperature="571.65"/>
<leakage EGoption="2" buckling="0.0" mode="P1"/>
<depletion power="40.0126975752">
<BurnStep>0.006</BurnStep>
</depletion>
<LinkPara BOR="0.0" ControlRod="no" TFU="866.15" TMO="571.65"/>
</restart>
<restart begin="yes">
<material BOR="0.0" ID="255" ResetAll="yes" pressure="15.5" temperature="571.65"/>
<leakage EGoption="2" buckling="0.0" mode="P1"/>
<depletion power="40.0126975752">
<BurnStep>0.01</BurnStep>
</depletion>
<LinkPara BOR="0.0" ControlRod="no" TFU="866.15" TMO="571.65"/>
</restart>
<restart begin="yes">
<material BOR="0.0" ID="255" ResetAll="yes" pressure="15.5" temperature="571.65"/>
<leakage EGoption="2" buckling="0.0" mode="P1"/>
<depletion power="40.0126975752">
<BurnStep>0.02</BurnStep>
</depletion>
<LinkPara BOR="0.0" ControlRod="no" TFU="866.15" TMO="571.65"/>
</restart>
<restart begin="yes">
<material BOR="0.0" ID="255" ResetAll="yes" pressure="15.5" temperature="571.65"/>
<leakage EGoption="2" buckling="0.0" mode="P1"/>
<depletion power="40.0126975752">
<BurnStep>0.03</BurnStep>
</depletion>
<LinkPara BOR="0.0" ControlRod="no" TFU="866.15" TMO="571.65"/>
</restart>
<restart begin="yes">
<material BOR="0.0" ID="255" ResetAll="yes" pressure="15.5" temperature="571.65"/>
<leakage EGoption="2" buckling="0.0" mode="P1"/>
<depletion power="40.0126975752">
<BurnStep>0.04</BurnStep>
</depletion>
<LinkPara BOR="0.0" ControlRod="no" TFU="866.15" TMO="571.65"/>
</restart>
<restart begin="yes">
<material BOR="0.0" ID="255" ResetAll="yes" pressure="15.5" temperature="571.65"/>
<leakage EGoption="2" buckling="0.0" mode="P1"/>
<depletion power="40.0126975752">
<BurnStep>0.05</BurnStep>
</depletion>
<LinkPara BOR="0.0" ControlRod="no" TFU="866.15" TMO="571.65"/>
</restart>
<restart begin="yes">
<material BOR="0.0" ID="255" ResetAll="yes" pressure="15.5" temperature="571.65"/>
<leakage EGoption="2" buckling="0.0" mode="P1"/>
<depletion power="40.0126975752">
<BurnStep>0.06</BurnStep>
</depletion>
<LinkPara BOR="0.0" ControlRod="no" TFU="866.15" TMO="571.65"/>
</restart>
<restart begin="yes">
<material BOR="0.0" ID="255" ResetAll="yes" pressure="15.5" temperature="571.65"/>
<leakage EGoption="2" buckling="0.0" mode="P1"/>
<depletion power="40.0126975752">
<BurnStep>0.08</BurnStep>
</depletion>
<LinkPara BOR="0.0" ControlRod="no" TFU="866.15" TMO="571.65"/>
</restart>
<restart begin="yes">
<material BOR="0.0" ID="255" ResetAll="yes" pressure="15.5" temperature="571.65"/>
<leakage EGoption="2" buckling="0.0" mode="P1"/>
<depletion power="40.0126975752">
<BurnStep>0.1</BurnStep>
</depletion>
<LinkPara BOR="0.0" ControlRod="no" TFU="866.15" TMO="571.65"/>
</restart>
<restart begin="yes">
<material BOR="0.0" ID="255" ResetAll="yes" pressure="15.5" temperature="571.65"/>
<leakage EGoption="2" buckling="0.0" mode="P1"/>
<depletion power="40.0126975752">
<BurnStep>0.15</BurnStep>
</depletion>
<LinkPara BOR="0.0" ControlRod="no" TFU="866.15" TMO="571.65"/>
</restart>
<restart begin="yes">
<material BOR="0.0" ID="255" ResetAll="yes" pressure="15.5" temperature="571.65"/>
<leakage EGoption="2" buckling="0.0" mode="P1"/>
<depletion power="40.0126975752">
<BurnStep>0.2</BurnStep>
</depletion>
<LinkPara BOR="0.0" ControlRod="no" TFU="866.15" TMO="571.65"/>
</restart>
<restart begin="yes">
<material BOR="0.0" ID="255" ResetAll="yes" pressure="15.5" temperature="571.65"/>
<leakage EGoption="2" buckling="0.0" mode="P1"/>
<depletion power="40.0126975752">
<BurnStep>0.25</BurnStep>
</depletion>
<LinkPara BOR="0.0" ControlRod="no" TFU="866.15" TMO="571.65"/>
</restart>
<restart begin="yes">
<material BOR="0.0" ID="255" ResetAll="yes" pressure="15.5" temperature="571.65"/>
<leakage EGoption="2" buckling="0.0" mode="P1"/>
<depletion power="40.0126975752">
<BurnStep>0.3</BurnStep>
</depletion>
<LinkPara BOR="0.0" ControlRod="no" TFU="866.15" TMO="571.65"/>
</restart>
<restart begin="yes">
<material BOR="0.0" ID="255" ResetAll="yes" pressure="15.5" temperature="571.65"/>
<leakage EGoption="2" buckling="0.0" mode="P1"/>
<depletion power="40.0126975752">
<BurnStep>0.35</BurnStep>
</depletion>
<LinkPara BOR="0.0" ControlRod="no" TFU="866.15" TMO="571.65"/>
</restart>
<restart begin="yes">
<material BOR="0.0" ID="255" ResetAll="yes" pressure="15.5" temperature="571.65"/>
<leakage EGoption="2" buckling="0.0" mode="P1"/>
<depletion power="40.0126975752">
<BurnStep>0.4</BurnStep>
</depletion>
<LinkPara BOR="0.0" ControlRod="no" TFU="866.15" TMO="571.65"/>
</restart>
<restart begin="yes">
<material BOR="0.0" ID="255" ResetAll="yes" pressure="15.5" temperature="571.65"/>
<leakage EGoption="2" buckling="0.0" mode="P1"/>
<depletion power="40.0126975752">
<BurnStep>0.45</BurnStep>
</depletion>
<LinkPara BOR="0.0" ControlRod="no" TFU="866.15" TMO="571.65"/>
</restart>
<restart begin="yes">
<material BOR="0.0" ID="255" ResetAll="yes" pressure="15.5" temperature="571.65"/>
<leakage EGoption="2" buckling="0.0" mode="P1"/>
<depletion power="40.0126975752">
<BurnStep>0.5</BurnStep>
</depletion>
<LinkPara BOR="0.0" ControlRod="no" TFU="866.15" TMO="571.65"/>
</restart>
<restart begin="yes">
<material BOR="0.0" ID="255" ResetAll="yes" pressure="15.5" temperature="571.65"/>
<leakage EGoption="2" buckling="0.0" mode="P1"/>
<depletion power="40.0126975752">
<BurnStep>0.6</BurnStep>
</depletion>
<LinkPara BOR="0.0" ControlRod="no" TFU="866.15" TMO="571.65"/>
</restart>
<restart begin="yes">
<material BOR="0.0" ID="255" ResetAll="yes" pressure="15.5" temperature="571.65"/>
<leakage EGoption="2" buckling="0.0" mode="P1"/>
<depletion power="40.0126975752">
<BurnStep>0.7</BurnStep>
</depletion>
<LinkPara BOR="0.0" ControlRod="no" TFU="866.15" TMO="571.65"/>
</restart>
<restart begin="yes">
<material BOR="0.0" ID="255" ResetAll="yes" pressure="15.5" temperature="571.65"/>
<leakage EGoption="2" buckling="0.0" mode="P1"/>
<depletion power="40.0126975752">
<BurnStep>0.8</BurnStep>
</depletion>
<LinkPara BOR="0.0" ControlRod="no" TFU="866.15" TMO="571.65"/>
</restart>
<restart begin="yes">
<material BOR="0.0" ID="255" ResetAll="yes" pressure="15.5" temperature="571.65"/>
<leakage EGoption="2" buckling="0.0" mode="P1"/>
<depletion power="40.0126975752">
<BurnStep>1.0</BurnStep>
</depletion>
<LinkPara BOR="0.0" ControlRod="no" TFU="866.15" TMO="571.65"/>
</restart>
<restart begin="yes">
<material BOR="0.0" ID="255" ResetAll="yes" pressure="15.5" temperature="571.65"/>
<leakage EGoption="2" buckling="0.0" mode="P1"/>
<depletion power="40.0126975752">
<BurnStep>1.2</BurnStep>
</depletion>
<LinkPara BOR="0.0" ControlRod="no" TFU="866.15" TMO="571.65"/>
</restart>
<restart begin="yes">
<material BOR="0.0" ID="255" ResetAll="yes" pressure="15.5" temperature="571.65"/>
<leakage EGoption="2" buckling="0.0" mode="P1"/>
<depletion power="40.0126975752">
<BurnStep>1.4</BurnStep>
</depletion>
<LinkPara BOR="0.0" ControlRod="no" TFU="866.15" TMO="571.65"/>
</restart>
<restart begin="yes">
<material BOR="0.0" ID="255" ResetAll="yes" pressure="15.5" temperature="571.65"/>
<leakage EGoption="2" buckling="0.0" mode="P1"/>
<depletion power="40.0126975752">
<BurnStep>1.6</BurnStep>
</depletion>
<LinkPara BOR="0.0" ControlRod="no" TFU="866.15" TMO="571.65"/>
</restart>
<restart begin="yes">
<material BOR="0.0" ID="255" ResetAll="yes" pressure="15.5" temperature="571.65"/>
<leakage EGoption="2" buckling="0.0" mode="P1"/>
<depletion power="40.0126975752">
<BurnStep>1.8</BurnStep>
</depletion>
<LinkPara BOR="0.0" ControlRod="no" TFU="866.15" TMO="571.65"/>
</restart>
<restart begin="yes">
<material BOR="0.0" ID="255" ResetAll="yes" pressure="15.5" temperature="571.65"/>
<leakage EGoption="2" buckling="0.0" mode="P1"/>
<depletion power="40.0126975752">
<BurnStep>2.0</BurnStep>
</depletion>
<LinkPara BOR="0.0" ControlRod="no" TFU="866.15" TMO="571.65"/>
</restart>
<restart begin="yes">
<material BOR="0.0" ID="255" ResetAll="yes" pressure="15.5" temperature="571.65"/>
<leakage EGoption="2" buckling="0.0" mode="P1"/>
<depletion power="40.0126975752">
<BurnStep>2.5</BurnStep>
</depletion>
<LinkPara BOR="0.0" ControlRod="no" TFU="866.15" TMO="571.65"/>
</restart>
<restart begin="yes">
<material BOR="0.0" ID="255" ResetAll="yes" pressure="15.5" temperature="571.65"/>
<leakage EGoption="2" buckling="0.0" mode="P1"/>
<depletion power="40.0126975752">
<BurnStep>3.0</BurnStep>
</depletion>
<LinkPara BOR="0.0" ControlRod="no" TFU="866.15" TMO="571.65"/>
</restart>
<restart begin="yes">
<material BOR="0.0" ID="255" ResetAll="yes" pressure="15.5" temperature="571.65"/>
<leakage EGoption="2" buckling="0.0" mode="P1"/>
<depletion power="40.0126975752">
<BurnStep>3.5</BurnStep>
</depletion>
<LinkPara BOR="0.0" ControlRod="no" TFU="866.15" TMO="571.65"/>
</restart>
<restart begin="yes">
<material BOR="0.0" ID="255" ResetAll="yes" pressure="15.5" temperature="571.65"/>
<leakage EGoption="2" buckling="0.0" mode="P1"/>
<depletion power="40.0126975752">
<BurnStep>4.0</BurnStep>
</depletion>
<LinkPara BOR="0.0" ControlRod="no" TFU="866.15" TMO="571.65"/>
</restart>
<restart begin="yes">
<material BOR="0.0" ID="255" ResetAll="yes" pressure="15.5" temperature="571.65"/>
<leakage EGoption="2" buckling="0.0" mode="P1"/>
<depletion power="40.0126975752">
<BurnStep>4.5</BurnStep>
</depletion>
<LinkPara BOR="0.0" ControlRod="no" TFU="866.15" TMO="571.65"/>
</restart>
<restart begin="yes">
<material BOR="0.0" ID="255" ResetAll="yes" pressure="15.5" temperature="571.65"/>
<leakage EGoption="2" buckling="0.0" mode="P1"/>
<depletion power="40.0126975752">
<BurnStep>5.0</BurnStep>
</depletion>
<LinkPara BOR="0.0" ControlRod="no" TFU="866.15" TMO="571.65"/>
</restart>
<restart begin="yes">
<material BOR="0.0" ID="255" ResetAll="yes" pressure="15.5" temperature="571.65"/>
<leakage EGoption="2" buckling="0.0" mode="P1"/>
<depletion power="40.0126975752">
<BurnStep>5.5</BurnStep>
</depletion>
<LinkPara BOR="0.0" ControlRod="no" TFU="866.15" TMO="571.65"/>
</restart>
<restart begin="yes">
<material BOR="0.0" ID="255" ResetAll="yes" pressure="15.5" temperature="571.65"/>
<leakage EGoption="2" buckling="0.0" mode="P1"/>
<depletion power="40.0126975752">
<BurnStep>6.0</BurnStep>
</depletion>
<LinkPara BOR="0.0" ControlRod="no" TFU="866.15" TMO="571.65"/>
</restart>
<restart begin="yes">
<material BOR="0.0" ID="255" ResetAll="yes" pressure="15.5" temperature="571.65"/>
<leakage EGoption="2" buckling="0.0" mode="P1"/>
<depletion power="40.0126975752">
<BurnStep>6.5</BurnStep>
</depletion>
<LinkPara BOR="0.0" ControlRod="no" TFU="866.15" TMO="571.65"/>
</restart>
<restart begin="yes">
<material BOR="0.0" ID="255" ResetAll="yes" pressure="15.5" temperature="571.65"/>
<leakage EGoption="2" buckling="0.0" mode="P1"/>
<depletion power="40.0126975752">
<BurnStep>7.0</BurnStep>
</depletion>
<LinkPara BOR="0.0" ControlRod="no" TFU="866.15" TMO="571.65"/>
</restart>
<restart begin="yes">
<material BOR="0.0" ID="255" ResetAll="yes" pressure="15.5" temperature="571.65"/>
<leakage EGoption="2" buckling="0.0" mode="P1"/>
<depletion power="40.0126975752">
<BurnStep>7.5</BurnStep>
</depletion>
<LinkPara BOR="0.0" ControlRod="no" TFU="866.15" TMO="571.65"/>
</restart>
<restart begin="yes">
<material BOR="0.0" ID="255" ResetAll="yes" pressure="15.5" temperature="571.65"/>
<leakage EGoption="2" buckling="0.0" mode="P1"/>
<depletion power="40.0126975752">
<BurnStep>8.0</BurnStep>
</depletion>
<LinkPara BOR="0.0" ControlRod="no" TFU="866.15" TMO="571.65"/>
</restart>
<restart begin="yes">
<material BOR="0.0" ID="255" ResetAll="yes" pressure="15.5" temperature="571.65"/>
<leakage EGoption="2" buckling="0.0" mode="P1"/>
<depletion power="40.0126975752">
<BurnStep>8.5</BurnStep>
</depletion>
<LinkPara BOR="0.0" ControlRod="no" TFU="866.15" TMO="571.65"/>
</restart>
<restart begin="yes">
<material BOR="0.0" ID="255" ResetAll="yes" pressure="15.5" temperature="571.65"/>
<leakage EGoption="2" buckling="0.0" mode="P1"/>
<depletion power="40.0126975752">
<BurnStep>9.0</BurnStep>
</depletion>
<LinkPara BOR="0.0" ControlRod="no" TFU="866.15" TMO="571.65"/>
</restart>
<restart begin="yes">
<material BOR="0.0" ID="255" ResetAll="yes" pressure="15.5" temperature="571.65"/>
<leakage EGoption="2" buckling="0.0" mode="P1"/>
<depletion power="40.0126975752">
<BurnStep>9.5</BurnStep>
</depletion>
<LinkPara BOR="0.0" ControlRod="no" TFU="866.15" TMO="571.65"/>
</restart>
<restart begin="yes">
<material BOR="0.0" ID="255" ResetAll="yes" pressure="15.5" temperature="571.65"/>
<leakage EGoption="2" buckling="0.0" mode="P1"/>
<depletion power="40.0126975752">
<BurnStep>10.0</BurnStep>
</depletion>
<LinkPara BOR="0.0" ControlRod="no" TFU="866.15" TMO="571.65"/>
</restart>
<restart begin="yes">
<material BOR="200.0" ID="255" ResetAll="yes" pressure="15.5" temperature="571.65"/>
<leakage EGoption="2" buckling="0.0" mode="P1"/>
<depletion power="40.0126975752">
<BurnStep>0.0</BurnStep>
</depletion>
<LinkPara BOR="200.0" ControlRod="no" TFU="866.15" TMO="571.65"/>
</restart>
<restart begin="yes">
<material BOR="200.0" ID="255" ResetAll="yes" pressure="15.5" temperature="571.65"/>
<leakage EGoption="2" buckling="0.0" mode="P1"/>
<depletion power="40.0126975752">
<BurnStep>0.001</BurnStep>
</depletion>
<LinkPara BOR="200.0" ControlRod="no" TFU="866.15" TMO="571.65"/>
</restart>
<restart begin="yes">
<material BOR="200.0" ID="255" ResetAll="yes" pressure="15.5" temperature="571.65"/>
<leakage EGoption="2" buckling="0.0" mode="P1"/>
<depletion power="40.0126975752">
<BurnStep>0.002</BurnStep>
</depletion>
<LinkPara BOR="200.0" ControlRod="no" TFU="866.15" TMO="571.65"/>
</restart>
<restart begin="yes">
<material BOR="200.0" ID="255" ResetAll="yes" pressure="15.5" temperature="571.65"/>
<leakage EGoption="2" buckling="0.0" mode="P1"/>
<depletion power="40.0126975752">
<BurnStep>0.006</BurnStep>
</depletion>
<LinkPara BOR="200.0" ControlRod="no" TFU="866.15" TMO="571.65"/>
</restart>
<restart begin="yes">
<material BOR="200.0" ID="255" ResetAll="yes" pressure="15.5" temperature="571.65"/>
<leakage EGoption="2" buckling="0.0" mode="P1"/>
<depletion power="40.0126975752">
<BurnStep>0.01</BurnStep>
</depletion>
<LinkPara BOR="200.0" ControlRod="no" TFU="866.15" TMO="571.65"/>
</restart>
<restart begin="yes">
<material BOR="200.0" ID="255" ResetAll="yes" pressure="15.5" temperature="571.65"/>
<leakage EGoption="2" buckling="0.0" mode="P1"/>
<depletion power="40.0126975752">
<BurnStep>0.02</BurnStep>
</depletion>
<LinkPara BOR="200.0" ControlRod="no" TFU="866.15" TMO="571.65"/>
</restart>
<restart begin="yes">
<material BOR="200.0" ID="255" ResetAll="yes" pressure="15.5" temperature="571.65"/>
<leakage EGoption="2" buckling="0.0" mode="P1"/>
<depletion power="40.0126975752">
<BurnStep>0.03</BurnStep>
</depletion>
<LinkPara BOR="200.0" ControlRod="no" TFU="866.15" TMO="571.65"/>
</restart>
<restart begin="yes">
<material BOR="200.0" ID="255" ResetAll="yes" pressure="15.5" temperature="571.65"/>
<leakage EGoption="2" buckling="0.0" mode="P1"/>
<depletion power="40.0126975752">
<BurnStep>0.04</BurnStep>
</depletion>
<LinkPara BOR="200.0" ControlRod="no" TFU="866.15" TMO="571.65"/>
</restart>
<restart begin="yes">
<material BOR="200.0" ID="255" ResetAll="yes" pressure="15.5" temperature="571.65"/>
<leakage EGoption="2" buckling="0.0" mode="P1"/>
<depletion power="40.0126975752">
<BurnStep>0.05</BurnStep>
</depletion>
<LinkPara BOR="200.0" ControlRod="no" TFU="866.15" TMO="571.65"/>
</restart>
<restart begin="yes">
<material BOR="200.0" ID="255" ResetAll="yes" pressure="15.5" temperature="571.65"/>
<leakage EGoption="2" buckling="0.0" mode="P1"/>
<depletion power="40.0126975752">
<BurnStep>0.06</BurnStep>
</depletion>
<LinkPara BOR="200.0" ControlRod="no" TFU="866.15" TMO="571.65"/>
</restart>
<restart begin="yes">
<material BOR="200.0" ID="255" ResetAll="yes" pressure="15.5" temperature="571.65"/>
<leakage EGoption="2" buckling="0.0" mode="P1"/>
<depletion power="40.0126975752">
<BurnStep>0.08</BurnStep>
</depletion>
<LinkPara BOR="200.0" ControlRod="no" TFU="866.15" TMO="571.65"/>
</restart>
<restart begin="yes">
<material BOR="200.0" ID="255" ResetAll="yes" pressure="15.5" temperature="571.65"/>
<leakage EGoption="2" buckling="0.0" mode="P1"/>
<depletion power="40.0126975752">
<BurnStep>0.1</BurnStep>
</depletion>
<LinkPara BOR="200.0" ControlRod="no" TFU="866.15" TMO="571.65"/>
</restart>
<restart begin="yes">
<material BOR="200.0" ID="255" ResetAll="yes" pressure="15.5" temperature="571.65"/>
<leakage EGoption="2" buckling="0.0" mode="P1"/>
<depletion power="40.0126975752">
<BurnStep>0.15</BurnStep>
</depletion>
<LinkPara BOR="200.0" ControlRod="no" TFU="866.15" TMO="571.65"/>
</restart>
<restart begin="yes">
<material BOR="200.0" ID="255" ResetAll="yes" pressure="15.5" temperature="571.65"/>
<leakage EGoption="2" buckling="0.0" mode="P1"/>
<depletion power="40.0126975752">
<BurnStep>0.2</BurnStep>
</depletion>
<LinkPara BOR="200.0" ControlRod="no" TFU="866.15" TMO="571.65"/>
</restart>
<restart begin="yes">
<material BOR="200.0" ID="255" ResetAll="yes" pressure="15.5" temperature="571.65"/>
<leakage EGoption="2" buckling="0.0" mode="P1"/>
<depletion power="40.0126975752">
<BurnStep>0.25</BurnStep>
</depletion>
<LinkPara BOR="200.0" ControlRod="no" TFU="866.15" TMO="571.65"/>
</restart>
<restart begin="yes">
<material BOR="200.0" ID="255" ResetAll="yes" pressure="15.5" temperature="571.65"/>
<leakage EGoption="2" buckling="0.0" mode="P1"/>
<depletion power="40.0126975752">
<BurnStep>0.3</BurnStep>
</depletion>
<LinkPara BOR="200.0" ControlRod="no" TFU="866.15" TMO="571.65"/>
</restart>
<restart begin="yes">
<material BOR="200.0" ID="255" ResetAll="yes" pressure="15.5" temperature="571.65"/>
<leakage EGoption="2" buckling="0.0" mode="P1"/>
<depletion power="40.0126975752">
<BurnStep>0.35</BurnStep>
</depletion>
<LinkPara BOR="200.0" ControlRod="no" TFU="866.15" TMO="571.65"/>
</restart>
<restart begin="yes">
<material BOR="200.0" ID="255" ResetAll="yes" pressure="15.5" temperature="571.65"/>
<leakage EGoption="2" buckling="0.0" mode="P1"/>
<depletion power="40.0126975752">
<BurnStep>0.4</BurnStep>
</depletion>
<LinkPara BOR="200.0" ControlRod="no" TFU="866.15" TMO="571.65"/>
</restart>
<restart begin="yes">
<material BOR="200.0" ID="255" ResetAll="yes" pressure="15.5" temperature="571.65"/>
<leakage EGoption="2" buckling="0.0" mode="P1"/>
<depletion power="40.0126975752">
<BurnStep>0.45</BurnStep>
</depletion>
<LinkPara BOR="200.0" ControlRod="no" TFU="866.15" TMO="571.65"/>
</restart>
<restart begin="yes">
<material BOR="200.0" ID="255" ResetAll="yes" pressure="15.5" temperature="571.65"/>
<leakage EGoption="2" buckling="0.0" mode="P1"/>
<depletion power="40.0126975752">
<BurnStep>0.5</BurnStep>
</depletion>
<LinkPara BOR="200.0" ControlRod="no" TFU="866.15" TMO="571.65"/>
</restart>
<restart begin="yes">
<material BOR="200.0" ID="255" ResetAll="yes" pressure="15.5" temperature="571.65"/>
<leakage EGoption="2" buckling="0.0" mode="P1"/>
<depletion power="40.0126975752">
<BurnStep>0.6</BurnStep>
</depletion>
<LinkPara BOR="200.0" ControlRod="no" TFU="866.15" TMO="571.65"/>
</restart>
<restart begin="yes">
<material BOR="200.0" ID="255" ResetAll="yes" pressure="15.5" temperature="571.65"/>
<leakage EGoption="2" buckling="0.0" mode="P1"/>
<depletion power="40.0126975752">
<BurnStep>0.7</BurnStep>
</depletion>
<LinkPara BOR="200.0" ControlRod="no" TFU="866.15" TMO="571.65"/>
</restart>
<restart begin="yes">
<material BOR="200.0" ID="255" ResetAll="yes" pressure="15.5" temperature="571.65"/>
<leakage EGoption="2" buckling="0.0" mode="P1"/>
<depletion power="40.0126975752">
<BurnStep>0.8</BurnStep>
</depletion>
<LinkPara BOR="200.0" ControlRod="no" TFU="866.15" TMO="571.65"/>
</restart>
<restart begin="yes">
<material BOR="200.0" ID="255" ResetAll="yes" pressure="15.5" temperature="571.65"/>
<leakage EGoption="2" buckling="0.0" mode="P1"/>
<depletion power="40.0126975752">
<BurnStep>1.0</BurnStep>
</depletion>
<LinkPara BOR="200.0" ControlRod="no" TFU="866.15" TMO="571.65"/>
</restart>
<restart begin="yes">
<material BOR="200.0" ID="255" ResetAll="yes" pressure="15.5" temperature="571.65"/>
<leakage EGoption="2" buckling="0.0" mode="P1"/>
<depletion power="40.0126975752">
<BurnStep>1.2</BurnStep>
</depletion>
<LinkPara BOR="200.0" ControlRod="no" TFU="866.15" TMO="571.65"/>
</restart>
<restart begin="yes">
<material BOR="200.0" ID="255" ResetAll="yes" pressure="15.5" temperature="571.65"/>
<leakage EGoption="2" buckling="0.0" mode="P1"/>
<depletion power="40.0126975752">
<BurnStep>1.4</BurnStep>
</depletion>
<LinkPara BOR="200.0" ControlRod="no" TFU="866.15" TMO="571.65"/>
</restart>
<restart begin="yes">
<material BOR="200.0" ID="255" ResetAll="yes" pressure="15.5" temperature="571.65"/>
<leakage EGoption="2" buckling="0.0" mode="P1"/>
<depletion power="40.0126975752">
<BurnStep>1.6</BurnStep>
</depletion>
<LinkPara BOR="200.0" ControlRod="no" TFU="866.15" TMO="571.65"/>
</restart>
<restart begin="yes">
<material BOR="200.0" ID="255" ResetAll="yes" pressure="15.5" temperature="571.65"/>
<leakage EGoption="2" buckling="0.0" mode="P1"/>
<depletion power="40.0126975752">
<BurnStep>1.8</BurnStep>
</depletion>
<LinkPara BOR="200.0" ControlRod="no" TFU="866.15" TMO="571.65"/>
</restart>
<restart begin="yes">
<material BOR="200.0" ID="255" ResetAll="yes" pressure="15.5" temperature="571.65"/>
<leakage EGoption="2" buckling="0.0" mode="P1"/>
<depletion power="40.0126975752">
<BurnStep>2.0</BurnStep>
</depletion>
<LinkPara BOR="200.0" ControlRod="no" TFU="866.15" TMO="571.65"/>
</restart>
<restart begin="yes">
<material BOR="200.0" ID="255" ResetAll="yes" pressure="15.5" temperature="571.65"/>
<leakage EGoption="2" buckling="0.0" mode="P1"/>
<depletion power="40.0126975752">
<BurnStep>2.5</BurnStep>
</depletion>
<LinkPara BOR="200.0" ControlRod="no" TFU="866.15" TMO="571.65"/>
</restart>
<restart begin="yes">
<material BOR="200.0" ID="255" ResetAll="yes" pressure="15.5" temperature="571.65"/>
<leakage EGoption="2" buckling="0.0" mode="P1"/>
<depletion power="40.0126975752">
<BurnStep>3.0</BurnStep>
</depletion>
<LinkPara BOR="200.0" ControlRod="no" TFU="866.15" TMO="571.65"/>
</restart>
<restart begin="yes">
<material BOR="200.0" ID="255" ResetAll="yes" pressure="15.5" temperature="571.65"/>
<leakage EGoption="2" buckling="0.0" mode="P1"/>
<depletion power="40.0126975752">
<BurnStep>3.5</BurnStep>
</depletion>
<LinkPara BOR="200.0" ControlRod="no" TFU="866.15" TMO="571.65"/>
</restart>
<restart begin="yes">
<material BOR="200.0" ID="255" ResetAll="yes" pressure="15.5" temperature="571.65"/>
<leakage EGoption="2" buckling="0.0" mode="P1"/>
<depletion power="40.0126975752">
<BurnStep>4.0</BurnStep>
</depletion>
<LinkPara BOR="200.0" ControlRod="no" TFU="866.15" TMO="571.65"/>
</restart>
<restart begin="yes">
<material BOR="200.0" ID="255" ResetAll="yes" pressure="15.5" temperature="571.65"/>
<leakage EGoption="2" buckling="0.0" mode="P1"/>
<depletion power="40.0126975752">
<BurnStep>4.5</BurnStep>
</depletion>
<LinkPara BOR="200.0" ControlRod="no" TFU="866.15" TMO="571.65"/>
</restart>
<restart begin="yes">
<material BOR="200.0" ID="255" ResetAll="yes" pressure="15.5" temperature="571.65"/>
<leakage EGoption="2" buckling="0.0" mode="P1"/>
<depletion power="40.0126975752">
<BurnStep>5.0</BurnStep>
</depletion>
<LinkPara BOR="200.0" ControlRod="no" TFU="866.15" TMO="571.65"/>
</restart>
<restart begin="yes">
<material BOR="200.0" ID="255" ResetAll="yes" pressure="15.5" temperature="571.65"/>
<leakage EGoption="2" buckling="0.0" mode="P1"/>
<depletion power="40.0126975752">
<BurnStep>5.5</BurnStep>
</depletion>
<LinkPara BOR="200.0" ControlRod="no" TFU="866.15" TMO="571.65"/>
</restart>
<restart begin="yes">
<material BOR="200.0" ID="255" ResetAll="yes" pressure="15.5" temperature="571.65"/>
<leakage EGoption="2" buckling="0.0" mode="P1"/>
<depletion power="40.0126975752">
<BurnStep>6.0</BurnStep>
</depletion>
<LinkPara BOR="200.0" ControlRod="no" TFU="866.15" TMO="571.65"/>
</restart>
<restart begin="yes">
<material BOR="200.0" ID="255" ResetAll="yes" pressure="15.5" temperature="571.65"/>
<leakage EGoption="2" buckling="0.0" mode="P1"/>
<depletion power="40.0126975752">
<BurnStep>6.5</BurnStep>
</depletion>
<LinkPara BOR="200.0" ControlRod="no" TFU="866.15" TMO="571.65"/>
</restart>
<restart begin="yes">
<material BOR="200.0" ID="255" ResetAll="yes" pressure="15.5" temperature="571.65"/>
<leakage EGoption="2" buckling="0.0" mode="P1"/>
<depletion power="40.0126975752">
<BurnStep>7.0</BurnStep>
</depletion>
<LinkPara BOR="200.0" ControlRod="no" TFU="866.15" TMO="571.65"/>
</restart>
<restart begin="yes">
<material BOR="200.0" ID="255" ResetAll="yes" pressure="15.5" temperature="571.65"/>
<leakage EGoption="2" buckling="0.0" mode="P1"/>
<depletion power="40.0126975752">
<BurnStep>7.5</BurnStep>
</depletion>
<LinkPara BOR="200.0" ControlRod="no" TFU="866.15" TMO="571.65"/>
</restart>
<restart begin="yes">
<material BOR="200.0" ID="255" ResetAll="yes" pressure="15.5" temperature="571.65"/>
<leakage EGoption="2" buckling="0.0" mode="P1"/>
<depletion power="40.0126975752">
<BurnStep>8.0</BurnStep>
</depletion>
<LinkPara BOR="200.0" ControlRod="no" TFU="866.15" TMO="571.65"/>
</restart>
<restart begin="yes">
<material BOR="200.0" ID="255" ResetAll="yes" pressure="15.5" temperature="571.65"/>
<leakage EGoption="2" buckling="0.0" mode="P1"/>
<depletion power="40.0126975752">
<BurnStep>8.5</BurnStep>
</depletion>
<LinkPara BOR="200.0" ControlRod="no" TFU="866.15" TMO="571.65"/>
</restart>
<restart begin="yes">
<material BOR="200.0" ID="255" ResetAll="yes" pressure="15.5" temperature="571.65"/>
<leakage EGoption="2" buckling="0.0" mode="P1"/>
<depletion power="40.0126975752">
<BurnStep>9.0</BurnStep>
</depletion>
<LinkPara BOR="200.0" ControlRod="no" TFU="866.15" TMO="571.65"/>
</restart>
<restart begin="yes">
<material BOR="200.0" ID="255" ResetAll="yes" pressure="15.5" temperature="571.65"/>
<leakage EGoption="2" buckling="0.0" mode="P1"/>
<depletion power="40.0126975752">
<BurnStep>9.5</BurnStep>
</depletion>
<LinkPara BOR="200.0" ControlRod="no" TFU="866.15" TMO="571.65"/>
</restart>
<restart begin="yes">
<material BOR="200.0" ID="255" ResetAll="yes" pressure="15.5" temperature="571.65"/>
<leakage EGoption="2" buckling="0.0" mode="P1"/>
<depletion power="40.0126975752">
<BurnStep>10.0</BurnStep>
</depletion>
<LinkPara BOR="200.0" ControlRod="no" TFU="866.15" TMO="571.65"/>
</restart>
<restart begin="yes">
<material BOR="1400.0" ID="255" ResetAll="yes" pressure="15.5" temperature="571.65"/>
<leakage EGoption="2" buckling="0.0" mode="P1"/>
<depletion power="40.0126975752">
<BurnStep>0.0</BurnStep>
</depletion>
<LinkPara BOR="1400.0" ControlRod="no" TFU="866.15" TMO="571.65"/>
</restart>
<restart begin="yes">
<material BOR="1400.0" ID="255" ResetAll="yes" pressure="15.5" temperature="571.65"/>
<leakage EGoption="2" buckling="0.0" mode="P1"/>
<depletion power="40.0126975752">
<BurnStep>0.001</BurnStep>
</depletion>
<LinkPara BOR="1400.0" ControlRod="no" TFU="866.15" TMO="571.65"/>
</restart>
<restart begin="yes">
<material BOR="1400.0" ID="255" ResetAll="yes" pressure="15.5" temperature="571.65"/>
<leakage EGoption="2" buckling="0.0" mode="P1"/>
<depletion power="40.0126975752">
<BurnStep>0.002</BurnStep>
</depletion>
<LinkPara BOR="1400.0" ControlRod="no" TFU="866.15" TMO="571.65"/>
</restart>
<restart begin="yes">
<material BOR="1400.0" ID="255" ResetAll="yes" pressure="15.5" temperature="571.65"/>
<leakage EGoption="2" buckling="0.0" mode="P1"/>
<depletion power="40.0126975752">
<BurnStep>0.006</BurnStep>
</depletion>
<LinkPara BOR="1400.0" ControlRod="no" TFU="866.15" TMO="571.65"/>
</restart>
<restart begin="yes">
<material BOR="1400.0" ID="255" ResetAll="yes" pressure="15.5" temperature="571.65"/>
<leakage EGoption="2" buckling="0.0" mode="P1"/>
<depletion power="40.0126975752">
<BurnStep>0.01</BurnStep>
</depletion>
<LinkPara BOR="1400.0" ControlRod="no" TFU="866.15" TMO="571.65"/>
</restart>
<restart begin="yes">
<material BOR="1400.0" ID="255" ResetAll="yes" pressure="15.5" temperature="571.65"/>
<leakage EGoption="2" buckling="0.0" mode="P1"/>
<depletion power="40.0126975752">
<BurnStep>0.02</BurnStep>
</depletion>
<LinkPara BOR="1400.0" ControlRod="no" TFU="866.15" TMO="571.65"/>
</restart>
<restart begin="yes">
<material BOR="1400.0" ID="255" ResetAll="yes" pressure="15.5" temperature="571.65"/>
<leakage EGoption="2" buckling="0.0" mode="P1"/>
<depletion power="40.0126975752">
<BurnStep>0.03</BurnStep>
</depletion>
<LinkPara BOR="1400.0" ControlRod="no" TFU="866.15" TMO="571.65"/>
</restart>
<restart begin="yes">
<material BOR="1400.0" ID="255" ResetAll="yes" pressure="15.5" temperature="571.65"/>
<leakage EGoption="2" buckling="0.0" mode="P1"/>
<depletion power="40.0126975752">
<BurnStep>0.04</BurnStep>
</depletion>
<LinkPara BOR="1400.0" ControlRod="no" TFU="866.15" TMO="571.65"/>
</restart>
<restart begin="yes">
<material BOR="1400.0" ID="255" ResetAll="yes" pressure="15.5" temperature="571.65"/>
<leakage EGoption="2" buckling="0.0" mode="P1"/>
<depletion power="40.0126975752">
<BurnStep>0.05</BurnStep>
</depletion>
<LinkPara BOR="1400.0" ControlRod="no" TFU="866.15" TMO="571.65"/>
</restart>
<restart begin="yes">
<material BOR="1400.0" ID="255" ResetAll="yes" pressure="15.5" temperature="571.65"/>
<leakage EGoption="2" buckling="0.0" mode="P1"/>
<depletion power="40.0126975752">
<BurnStep>0.06</BurnStep>
</depletion>
<LinkPara BOR="1400.0" ControlRod="no" TFU="866.15" TMO="571.65"/>
</restart>
<restart begin="yes">
<material BOR="1400.0" ID="255" ResetAll="yes" pressure="15.5" temperature="571.65"/>
<leakage EGoption="2" buckling="0.0" mode="P1"/>
<depletion power="40.0126975752">
<BurnStep>0.08</BurnStep>
</depletion>
<LinkPara BOR="1400.0" ControlRod="no" TFU="866.15" TMO="571.65"/>
</restart>
<restart begin="yes">
<material BOR="1400.0" ID="255" ResetAll="yes" pressure="15.5" temperature="571.65"/>
<leakage EGoption="2" buckling="0.0" mode="P1"/>
<depletion power="40.0126975752">
<BurnStep>0.1</BurnStep>
</depletion>
<LinkPara BOR="1400.0" ControlRod="no" TFU="866.15" TMO="571.65"/>
</restart>
<restart begin="yes">
<material BOR="1400.0" ID="255" ResetAll="yes" pressure="15.5" temperature="571.65"/>
<leakage EGoption="2" buckling="0.0" mode="P1"/>
<depletion power="40.0126975752">
<BurnStep>0.15</BurnStep>
</depletion>
<LinkPara BOR="1400.0" ControlRod="no" TFU="866.15" TMO="571.65"/>
</restart>
<restart begin="yes">
<material BOR="1400.0" ID="255" ResetAll="yes" pressure="15.5" temperature="571.65"/>
<leakage EGoption="2" buckling="0.0" mode="P1"/>
<depletion power="40.0126975752">
<BurnStep>0.2</BurnStep>
</depletion>
<LinkPara BOR="1400.0" ControlRod="no" TFU="866.15" TMO="571.65"/>
</restart>
<restart begin="yes">
<material BOR="1400.0" ID="255" ResetAll="yes" pressure="15.5" temperature="571.65"/>
<leakage EGoption="2" buckling="0.0" mode="P1"/>
<depletion power="40.0126975752">
<BurnStep>0.25</BurnStep>
</depletion>
<LinkPara BOR="1400.0" ControlRod="no" TFU="866.15" TMO="571.65"/>
</restart>
<restart begin="yes">
<material BOR="1400.0" ID="255" ResetAll="yes" pressure="15.5" temperature="571.65"/>
<leakage EGoption="2" buckling="0.0" mode="P1"/>
<depletion power="40.0126975752">
<BurnStep>0.3</BurnStep>
</depletion>
<LinkPara BOR="1400.0" ControlRod="no" TFU="866.15" TMO="571.65"/>
</restart>
<restart begin="yes">
<material BOR="1400.0" ID="255" ResetAll="yes" pressure="15.5" temperature="571.65"/>
<leakage EGoption="2" buckling="0.0" mode="P1"/>
<depletion power="40.0126975752">
<BurnStep>0.35</BurnStep>
</depletion>
<LinkPara BOR="1400.0" ControlRod="no" TFU="866.15" TMO="571.65"/>
</restart>
<restart begin="yes">
<material BOR="1400.0" ID="255" ResetAll="yes" pressure="15.5" temperature="571.65"/>
<leakage EGoption="2" buckling="0.0" mode="P1"/>
<depletion power="40.0126975752">
<BurnStep>0.4</BurnStep>
</depletion>
<LinkPara BOR="1400.0" ControlRod="no" TFU="866.15" TMO="571.65"/>
</restart>
<restart begin="yes">
<material BOR="1400.0" ID="255" ResetAll="yes" pressure="15.5" temperature="571.65"/>
<leakage EGoption="2" buckling="0.0" mode="P1"/>
<depletion power="40.0126975752">
<BurnStep>0.45</BurnStep>
</depletion>
<LinkPara BOR="1400.0" ControlRod="no" TFU="866.15" TMO="571.65"/>
</restart>
<restart begin="yes">
<material BOR="1400.0" ID="255" ResetAll="yes" pressure="15.5" temperature="571.65"/>
<leakage EGoption="2" buckling="0.0" mode="P1"/>
<depletion power="40.0126975752">
<BurnStep>0.5</BurnStep>
</depletion>
<LinkPara BOR="1400.0" ControlRod="no" TFU="866.15" TMO="571.65"/>
</restart>
<restart begin="yes">
<material BOR="1400.0" ID="255" ResetAll="yes" pressure="15.5" temperature="571.65"/>
<leakage EGoption="2" buckling="0.0" mode="P1"/>
<depletion power="40.0126975752">
<BurnStep>0.6</BurnStep>
</depletion>
<LinkPara BOR="1400.0" ControlRod="no" TFU="866.15" TMO="571.65"/>
</restart>
<restart begin="yes">
<material BOR="1400.0" ID="255" ResetAll="yes" pressure="15.5" temperature="571.65"/>
<leakage EGoption="2" buckling="0.0" mode="P1"/>
<depletion power="40.0126975752">
<BurnStep>0.7</BurnStep>
</depletion>
<LinkPara BOR="1400.0" ControlRod="no" TFU="866.15" TMO="571.65"/>
</restart>
<restart begin="yes">
<material BOR="1400.0" ID="255" ResetAll="yes" pressure="15.5" temperature="571.65"/>
<leakage EGoption="2" buckling="0.0" mode="P1"/>
<depletion power="40.0126975752">
<BurnStep>0.8</BurnStep>
</depletion>
<LinkPara BOR="1400.0" ControlRod="no" TFU="866.15" TMO="571.65"/>
</restart>
<restart begin="yes">
<material BOR="1400.0" ID="255" ResetAll="yes" pressure="15.5" temperature="571.65"/>
<leakage EGoption="2" buckling="0.0" mode="P1"/>
<depletion power="40.0126975752">
<BurnStep>1.0</BurnStep>
</depletion>
<LinkPara BOR="1400.0" ControlRod="no" TFU="866.15" TMO="571.65"/>
</restart>
<restart begin="yes">
<material BOR="1400.0" ID="255" ResetAll="yes" pressure="15.5" temperature="571.65"/>
<leakage EGoption="2" buckling="0.0" mode="P1"/>
<depletion power="40.0126975752">
<BurnStep>1.2</BurnStep>
</depletion>
<LinkPara BOR="1400.0" ControlRod="no" TFU="866.15" TMO="571.65"/>
</restart>
<restart begin="yes">
<material BOR="1400.0" ID="255" ResetAll="yes" pressure="15.5" temperature="571.65"/>
<leakage EGoption="2" buckling="0.0" mode="P1"/>
<depletion power="40.0126975752">
<BurnStep>1.4</BurnStep>
</depletion>
<LinkPara BOR="1400.0" ControlRod="no" TFU="866.15" TMO="571.65"/>
</restart>
<restart begin="yes">
<material BOR="1400.0" ID="255" ResetAll="yes" pressure="15.5" temperature="571.65"/>
<leakage EGoption="2" buckling="0.0" mode="P1"/>
<depletion power="40.0126975752">
<BurnStep>1.6</BurnStep>
</depletion>
<LinkPara BOR="1400.0" ControlRod="no" TFU="866.15" TMO="571.65"/>
</restart>
<restart begin="yes">
<material BOR="1400.0" ID="255" ResetAll="yes" pressure="15.5" temperature="571.65"/>
<leakage EGoption="2" buckling="0.0" mode="P1"/>
<depletion power="40.0126975752">
<BurnStep>1.8</BurnStep>
</depletion>
<LinkPara BOR="1400.0" ControlRod="no" TFU="866.15" TMO="571.65"/>
</restart>
<restart begin="yes">
<material BOR="1400.0" ID="255" ResetAll="yes" pressure="15.5" temperature="571.65"/>
<leakage EGoption="2" buckling="0.0" mode="P1"/>
<depletion power="40.0126975752">
<BurnStep>2.0</BurnStep>
</depletion>
<LinkPara BOR="1400.0" ControlRod="no" TFU="866.15" TMO="571.65"/>
</restart>
<restart begin="yes">
<material BOR="1400.0" ID="255" ResetAll="yes" pressure="15.5" temperature="571.65"/>
<leakage EGoption="2" buckling="0.0" mode="P1"/>
<depletion power="40.0126975752">
<BurnStep>2.5</BurnStep>
</depletion>
<LinkPara BOR="1400.0" ControlRod="no" TFU="866.15" TMO="571.65"/>
</restart>
<restart begin="yes">
<material BOR="1400.0" ID="255" ResetAll="yes" pressure="15.5" temperature="571.65"/>
<leakage EGoption="2" buckling="0.0" mode="P1"/>
<depletion power="40.0126975752">
<BurnStep>3.0</BurnStep>
</depletion>
<LinkPara BOR="1400.0" ControlRod="no" TFU="866.15" TMO="571.65"/>
</restart>
<restart begin="yes">
<material BOR="1400.0" ID="255" ResetAll="yes" pressure="15.5" temperature="571.65"/>
<leakage EGoption="2" buckling="0.0" mode="P1"/>
<depletion power="40.0126975752">
<BurnStep>3.5</BurnStep>
</depletion>
<LinkPara BOR="1400.0" ControlRod="no" TFU="866.15" TMO="571.65"/>
</restart>
<restart begin="yes">
<material BOR="1400.0" ID="255" ResetAll="yes" pressure="15.5" temperature="571.65"/>
<leakage EGoption="2" buckling="0.0" mode="P1"/>
<depletion power="40.0126975752">
<BurnStep>4.0</BurnStep>
</depletion>
<LinkPara BOR="1400.0" ControlRod="no" TFU="866.15" TMO="571.65"/>
</restart>
<restart begin="yes">
<material BOR="1400.0" ID="255" ResetAll="yes" pressure="15.5" temperature="571.65"/>
<leakage EGoption="2" buckling="0.0" mode="P1"/>
<depletion power="40.0126975752">
<BurnStep>4.5</BurnStep>
</depletion>
<LinkPara BOR="1400.0" ControlRod="no" TFU="866.15" TMO="571.65"/>
</restart>
<restart begin="yes">
<material BOR="1400.0" ID="255" ResetAll="yes" pressure="15.5" temperature="571.65"/>
<leakage EGoption="2" buckling="0.0" mode="P1"/>
<depletion power="40.0126975752">
<BurnStep>5.0</BurnStep>
</depletion>
<LinkPara BOR="1400.0" ControlRod="no" TFU="866.15" TMO="571.65"/>
</restart>
<restart begin="yes">
<material BOR="1400.0" ID="255" ResetAll="yes" pressure="15.5" temperature="571.65"/>
<leakage EGoption="2" buckling="0.0" mode="P1"/>
<depletion power="40.0126975752">
<BurnStep>5.5</BurnStep>
</depletion>
<LinkPara BOR="1400.0" ControlRod="no" TFU="866.15" TMO="571.65"/>
</restart>
<restart begin="yes">
<material BOR="1400.0" ID="255" ResetAll="yes" pressure="15.5" temperature="571.65"/>
<leakage EGoption="2" buckling="0.0" mode="P1"/>
<depletion power="40.0126975752">
<BurnStep>6.0</BurnStep>
</depletion>
<LinkPara BOR="1400.0" ControlRod="no" TFU="866.15" TMO="571.65"/>
</restart>
<restart begin="yes">
<material BOR="1400.0" ID="255" ResetAll="yes" pressure="15.5" temperature="571.65"/>
<leakage EGoption="2" buckling="0.0" mode="P1"/>
<depletion power="40.0126975752">
<BurnStep>6.5</BurnStep>
</depletion>
<LinkPara BOR="1400.0" ControlRod="no" TFU="866.15" TMO="571.65"/>
</restart>
<restart begin="yes">
<material BOR="1400.0" ID="255" ResetAll="yes" pressure="15.5" temperature="571.65"/>
<leakage EGoption="2" buckling="0.0" mode="P1"/>
<depletion power="40.0126975752">
<BurnStep>7.0</BurnStep>
</depletion>
<LinkPara BOR="1400.0" ControlRod="no" TFU="866.15" TMO="571.65"/>
</restart>
<restart begin="yes">
<material BOR="1400.0" ID="255" ResetAll="yes" pressure="15.5" temperature="571.65"/>
<leakage EGoption="2" buckling="0.0" mode="P1"/>
<depletion power="40.0126975752">
<BurnStep>7.5</BurnStep>
</depletion>
<LinkPara BOR="1400.0" ControlRod="no" TFU="866.15" TMO="571.65"/>
</restart>
<restart begin="yes">
<material BOR="1400.0" ID="255" ResetAll="yes" pressure="15.5" temperature="571.65"/>
<leakage EGoption="2" buckling="0.0" mode="P1"/>
<depletion power="40.0126975752">
<BurnStep>8.0</BurnStep>
</depletion>
<LinkPara BOR="1400.0" ControlRod="no" TFU="866.15" TMO="571.65"/>
</restart>
<restart begin="yes">
<material BOR="1400.0" ID="255" ResetAll="yes" pressure="15.5" temperature="571.65"/>
<leakage EGoption="2" buckling="0.0" mode="P1"/>
<depletion power="40.0126975752">
<BurnStep>8.5</BurnStep>
</depletion>
<LinkPara BOR="1400.0" ControlRod="no" TFU="866.15" TMO="571.65"/>
</restart>
<restart begin="yes">
<material BOR="1400.0" ID="255" ResetAll="yes" pressure="15.5" temperature="571.65"/>
<leakage EGoption="2" buckling="0.0" mode="P1"/>
<depletion power="40.0126975752">
<BurnStep>9.0</BurnStep>
</depletion>
<LinkPara BOR="1400.0" ControlRod="no" TFU="866.15" TMO="571.65"/>
</restart>
<restart begin="yes">
<material BOR="1400.0" ID="255" ResetAll="yes" pressure="15.5" temperature="571.65"/>
<leakage EGoption="2" buckling="0.0" mode="P1"/>
<depletion power="40.0126975752">
<BurnStep>9.5</BurnStep>
</depletion>
<LinkPara BOR="1400.0" ControlRod="no" TFU="866.15" TMO="571.65"/>
</restart>
<restart begin="yes">
<material BOR="1400.0" ID="255" ResetAll="yes" pressure="15.5" temperature="571.65"/>
<leakage EGoption="2" buckling="0.0" mode="P1"/>
<depletion power="40.0126975752">
<BurnStep>10.0</BurnStep>
</depletion>
<LinkPara BOR="1400.0" ControlRod="no" TFU="866.15" TMO="571.65"/>
</restart>
<restart begin="yes">
<material BOR="0.0" ID="255" ResetAll="yes" pressure="15.5" temperature="550.15"/>
<leakage EGoption="2" buckling="0.0" mode="P1"/>
<depletion power="40.0126975752">
<BurnStep>0.0</BurnStep>
</depletion>
<LinkPara BOR="0.0" ControlRod="no" TFU="866.15" TMO="550.15"/>
</restart>
<restart begin="yes">
<material BOR="0.0" ID="255" ResetAll="yes" pressure="15.5" temperature="550.15"/>
<leakage EGoption="2" buckling="0.0" mode="P1"/>
<depletion power="40.0126975752">
<BurnStep>0.006</BurnStep>
</depletion>
<LinkPara BOR="0.0" ControlRod="no" TFU="866.15" TMO="550.15"/>
</restart>
<restart begin="yes">
<material BOR="0.0" ID="255" ResetAll="yes" pressure="15.5" temperature="550.15"/>
<leakage EGoption="2" buckling="0.0" mode="P1"/>
<depletion power="40.0126975752">
<BurnStep>0.08</BurnStep>
</depletion>
<LinkPara BOR="0.0" ControlRod="no" TFU="866.15" TMO="550.15"/>
</restart>
<restart begin="yes">
<material BOR="0.0" ID="255" ResetAll="yes" pressure="15.5" temperature="550.15"/>
<leakage EGoption="2" buckling="0.0" mode="P1"/>
<depletion power="40.0126975752">
<BurnStep>0.35</BurnStep>
</depletion>
<LinkPara BOR="0.0" ControlRod="no" TFU="866.15" TMO="550.15"/>
</restart>
<restart begin="yes">
<material BOR="0.0" ID="255" ResetAll="yes" pressure="15.5" temperature="550.15"/>
<leakage EGoption="2" buckling="0.0" mode="P1"/>
<depletion power="40.0126975752">
<BurnStep>1.6</BurnStep>
</depletion>
<LinkPara BOR="0.0" ControlRod="no" TFU="866.15" TMO="550.15"/>
</restart>
<restart begin="yes">
<material BOR="0.0" ID="255" ResetAll="yes" pressure="15.5" temperature="550.15"/>
<leakage EGoption="2" buckling="0.0" mode="P1"/>
<depletion power="40.0126975752">
<BurnStep>4.5</BurnStep>
</depletion>
<LinkPara BOR="0.0" ControlRod="no" TFU="866.15" TMO="550.15"/>
</restart>
<restart begin="yes">
<material BOR="0.0" ID="255" ResetAll="yes" pressure="15.5" temperature="550.15"/>
<leakage EGoption="2" buckling="0.0" mode="P1"/>
<depletion power="40.0126975752">
<BurnStep>7.0</BurnStep>
</depletion>
<LinkPara BOR="0.0" ControlRod="no" TFU="866.15" TMO="550.15"/>
</restart>
<restart begin="yes">
<material BOR="0.0" ID="255" ResetAll="yes" pressure="15.5" temperature="550.15"/>
<leakage EGoption="2" buckling="0.0" mode="P1"/>
<depletion power="40.0126975752">
<BurnStep>10.0</BurnStep>
</depletion>
<LinkPara BOR="0.0" ControlRod="no" TFU="866.15" TMO="550.15"/>
</restart>
<restart begin="yes">
<material BOR="200.0" ID="255" ResetAll="yes" pressure="15.5" temperature="550.15"/>
<leakage EGoption="2" buckling="0.0" mode="P1"/>
<depletion power="40.0126975752">
<BurnStep>0.0</BurnStep>
</depletion>
<LinkPara BOR="200.0" ControlRod="no" TFU="866.15" TMO="550.15"/>
</restart>
<restart begin="yes">
<material BOR="200.0" ID="255" ResetAll="yes" pressure="15.5" temperature="550.15"/>
<leakage EGoption="2" buckling="0.0" mode="P1"/>
<depletion power="40.0126975752">
<BurnStep>0.006</BurnStep>
</depletion>
<LinkPara BOR="200.0" ControlRod="no" TFU="866.15" TMO="550.15"/>
</restart>
<restart begin="yes">
<material BOR="200.0" ID="255" ResetAll="yes" pressure="15.5" temperature="550.15"/>
<leakage EGoption="2" buckling="0.0" mode="P1"/>
<depletion power="40.0126975752">
<BurnStep>0.08</BurnStep>
</depletion>
<LinkPara BOR="200.0" ControlRod="no" TFU="866.15" TMO="550.15"/>
</restart>
<restart begin="yes">
<material BOR="200.0" ID="255" ResetAll="yes" pressure="15.5" temperature="550.15"/>
<leakage EGoption="2" buckling="0.0" mode="P1"/>
<depletion power="40.0126975752">
<BurnStep>0.35</BurnStep>
</depletion>
<LinkPara BOR="200.0" ControlRod="no" TFU="866.15" TMO="550.15"/>
</restart>
<restart begin="yes">
<material BOR="200.0" ID="255" ResetAll="yes" pressure="15.5" temperature="550.15"/>
<leakage EGoption="2" buckling="0.0" mode="P1"/>
<depletion power="40.0126975752">
<BurnStep>1.6</BurnStep>
</depletion>
<LinkPara BOR="200.0" ControlRod="no" TFU="866.15" TMO="550.15"/>
</restart>
<restart begin="yes">
<material BOR="200.0" ID="255" ResetAll="yes" pressure="15.5" temperature="550.15"/>
<leakage EGoption="2" buckling="0.0" mode="P1"/>
<depletion power="40.0126975752">
<BurnStep>4.5</BurnStep>
</depletion>
<LinkPara BOR="200.0" ControlRod="no" TFU="866.15" TMO="550.15"/>
</restart>
<restart begin="yes">
<material BOR="200.0" ID="255" ResetAll="yes" pressure="15.5" temperature="550.15"/>
<leakage EGoption="2" buckling="0.0" mode="P1"/>
<depletion power="40.0126975752">
<BurnStep>7.0</BurnStep>
</depletion>
<LinkPara BOR="200.0" ControlRod="no" TFU="866.15" TMO="550.15"/>
</restart>
<restart begin="yes">
<material BOR="200.0" ID="255" ResetAll="yes" pressure="15.5" temperature="550.15"/>
<leakage EGoption="2" buckling="0.0" mode="P1"/>
<depletion power="40.0126975752">
<BurnStep>10.0</BurnStep>
</depletion>
<LinkPara BOR="200.0" ControlRod="no" TFU="866.15" TMO="550.15"/>
</restart>
<restart begin="yes">
<material BOR="800.0" ID="255" ResetAll="yes" pressure="15.5" temperature="550.15"/>
<leakage EGoption="2" buckling="0.0" mode="P1"/>
<depletion power="40.0126975752">
<BurnStep>0.0</BurnStep>
</depletion>
<LinkPara BOR="800.0" ControlRod="no" TFU="866.15" TMO="550.15"/>
</restart>
<restart begin="yes">
<material BOR="800.0" ID="255" ResetAll="yes" pressure="15.5" temperature="550.15"/>
<leakage EGoption="2" buckling="0.0" mode="P1"/>
<depletion power="40.0126975752">
<BurnStep>0.006</BurnStep>
</depletion>
<LinkPara BOR="800.0" ControlRod="no" TFU="866.15" TMO="550.15"/>
</restart>
<restart begin="yes">
<material BOR="800.0" ID="255" ResetAll="yes" pressure="15.5" temperature="550.15"/>
<leakage EGoption="2" buckling="0.0" mode="P1"/>
<depletion power="40.0126975752">
<BurnStep>0.08</BurnStep>
</depletion>
<LinkPara BOR="800.0" ControlRod="no" TFU="866.15" TMO="550.15"/>
</restart>
<restart begin="yes">
<material BOR="800.0" ID="255" ResetAll="yes" pressure="15.5" temperature="550.15"/>
<leakage EGoption="2" buckling="0.0" mode="P1"/>
<depletion power="40.0126975752">
<BurnStep>0.35</BurnStep>
</depletion>
<LinkPara BOR="800.0" ControlRod="no" TFU="866.15" TMO="550.15"/>
</restart>
<restart begin="yes">
<material BOR="800.0" ID="255" ResetAll="yes" pressure="15.5" temperature="550.15"/>
<leakage EGoption="2" buckling="0.0" mode="P1"/>
<depletion power="40.0126975752">
<BurnStep>1.6</BurnStep>
</depletion>
<LinkPara BOR="800.0" ControlRod="no" TFU="866.15" TMO="550.15"/>
</restart>
<restart begin="yes">
<material BOR="800.0" ID="255" ResetAll="yes" pressure="15.5" temperature="550.15"/>
<leakage EGoption="2" buckling="0.0" mode="P1"/>
<depletion power="40.0126975752">
<BurnStep>4.5</BurnStep>
</depletion>
<LinkPara BOR="800.0" ControlRod="no" TFU="866.15" TMO="550.15"/>
</restart>
<restart begin="yes">
<material BOR="800.0" ID="255" ResetAll="yes" pressure="15.5" temperature="550.15"/>
<leakage EGoption="2" buckling="0.0" mode="P1"/>
<depletion power="40.0126975752">
<BurnStep>7.0</BurnStep>
</depletion>
<LinkPara BOR="800.0" ControlRod="no" TFU="866.15" TMO="550.15"/>
</restart>
<restart begin="yes">
<material BOR="800.0" ID="255" ResetAll="yes" pressure="15.5" temperature="550.15"/>
<leakage EGoption="2" buckling="0.0" mode="P1"/>
<depletion power="40.0126975752">
<BurnStep>10.0</BurnStep>
</depletion>
<LinkPara BOR="800.0" ControlRod="no" TFU="866.15" TMO="550.15"/>
</restart>
<restart begin="yes">
<material BOR="1400.0" ID="255" ResetAll="yes" pressure="15.5" temperature="550.15"/>
<leakage EGoption="2" buckling="0.0" mode="P1"/>
<depletion power="40.0126975752">
<BurnStep>0.0</BurnStep>
</depletion>
<LinkPara BOR="1400.0" ControlRod="no" TFU="866.15" TMO="550.15"/>
</restart>
<restart begin="yes">
<material BOR="1400.0" ID="255" ResetAll="yes" pressure="15.5" temperature="550.15"/>
<leakage EGoption="2" buckling="0.0" mode="P1"/>
<depletion power="40.0126975752">
<BurnStep>0.006</BurnStep>
</depletion>
<LinkPara BOR="1400.0" ControlRod="no" TFU="866.15" TMO="550.15"/>
</restart>
<restart begin="yes">
<material BOR="1400.0" ID="255" ResetAll="yes" pressure="15.5" temperature="550.15"/>
<leakage EGoption="2" buckling="0.0" mode="P1"/>
<depletion power="40.0126975752">
<BurnStep>0.08</BurnStep>
</depletion>
<LinkPara BOR="1400.0" ControlRod="no" TFU="866.15" TMO="550.15"/>
</restart>
<restart begin="yes">
<material BOR="1400.0" ID="255" ResetAll="yes" pressure="15.5" temperature="550.15"/>
<leakage EGoption="2" buckling="0.0" mode="P1"/>
<depletion power="40.0126975752">
<BurnStep>0.35</BurnStep>
</depletion>
<LinkPara BOR="1400.0" ControlRod="no" TFU="866.15" TMO="550.15"/>
</restart>
<restart begin="yes">
<material BOR="1400.0" ID="255" ResetAll="yes" pressure="15.5" temperature="550.15"/>
<leakage EGoption="2" buckling="0.0" mode="P1"/>
<depletion power="40.0126975752">
<BurnStep>1.6</BurnStep>
</depletion>
<LinkPara BOR="1400.0" ControlRod="no" TFU="866.15" TMO="550.15"/>
</restart>
<restart begin="yes">
<material BOR="1400.0" ID="255" ResetAll="yes" pressure="15.5" temperature="550.15"/>
<leakage EGoption="2" buckling="0.0" mode="P1"/>
<depletion power="40.0126975752">
<BurnStep>4.5</BurnStep>
</depletion>
<LinkPara BOR="1400.0" ControlRod="no" TFU="866.15" TMO="550.15"/>
</restart>
<restart begin="yes">
<material BOR="1400.0" ID="255" ResetAll="yes" pressure="15.5" temperature="550.15"/>
<leakage EGoption="2" buckling="0.0" mode="P1"/>
<depletion power="40.0126975752">
<BurnStep>7.0</BurnStep>
</depletion>
<LinkPara BOR="1400.0" ControlRod="no" TFU="866.15" TMO="550.15"/>
</restart>
<restart begin="yes">
<material BOR="1400.0" ID="255" ResetAll="yes" pressure="15.5" temperature="550.15"/>
<leakage EGoption="2" buckling="0.0" mode="P1"/>
<depletion power="40.0126975752">
<BurnStep>10.0</BurnStep>
</depletion>
<LinkPara BOR="1400.0" ControlRod="no" TFU="866.15" TMO="550.15"/>
</restart>
<restart begin="yes">
<material BOR="0.0" ID="255" ResetAll="yes" pressure="15.5" temperature="591.675"/>
<leakage EGoption="2" buckling="0.0" mode="P1"/>
<depletion power="40.0126975752">
<BurnStep>0.0</BurnStep>
</depletion>
<LinkPara BOR="0.0" ControlRod="no" TFU="866.15" TMO="591.675"/>
</restart>
<restart begin="yes">
<material BOR="0.0" ID="255" ResetAll="yes" pressure="15.5" temperature="591.675"/>
<leakage EGoption="2" buckling="0.0" mode="P1"/>
<depletion power="40.0126975752">
<BurnStep>0.006</BurnStep>
</depletion>
<LinkPara BOR="0.0" ControlRod="no" TFU="866.15" TMO="591.675"/>
</restart>
<restart begin="yes">
<material BOR="0.0" ID="255" ResetAll="yes" pressure="15.5" temperature="591.675"/>
<leakage EGoption="2" buckling="0.0" mode="P1"/>
<depletion power="40.0126975752">
<BurnStep>0.08</BurnStep>
</depletion>
<LinkPara BOR="0.0" ControlRod="no" TFU="866.15" TMO="591.675"/>
</restart>
<restart begin="yes">
<material BOR="0.0" ID="255" ResetAll="yes" pressure="15.5" temperature="591.675"/>
<leakage EGoption="2" buckling="0.0" mode="P1"/>
<depletion power="40.0126975752">
<BurnStep>0.35</BurnStep>
</depletion>
<LinkPara BOR="0.0" ControlRod="no" TFU="866.15" TMO="591.675"/>
</restart>
<restart begin="yes">
<material BOR="0.0" ID="255" ResetAll="yes" pressure="15.5" temperature="591.675"/>
<leakage EGoption="2" buckling="0.0" mode="P1"/>
<depletion power="40.0126975752">
<BurnStep>1.6</BurnStep>
</depletion>
<LinkPara BOR="0.0" ControlRod="no" TFU="866.15" TMO="591.675"/>
</restart>
<restart begin="yes">
<material BOR="0.0" ID="255" ResetAll="yes" pressure="15.5" temperature="591.675"/>
<leakage EGoption="2" buckling="0.0" mode="P1"/>
<depletion power="40.0126975752">
<BurnStep>4.5</BurnStep>
</depletion>
<LinkPara BOR="0.0" ControlRod="no" TFU="866.15" TMO="591.675"/>
</restart>
<restart begin="yes">
<material BOR="0.0" ID="255" ResetAll="yes" pressure="15.5" temperature="591.675"/>
<leakage EGoption="2" buckling="0.0" mode="P1"/>
<depletion power="40.0126975752">
<BurnStep>7.0</BurnStep>
</depletion>
<LinkPara BOR="0.0" ControlRod="no" TFU="866.15" TMO="591.675"/>
</restart>
<restart begin="yes">
<material BOR="0.0" ID="255" ResetAll="yes" pressure="15.5" temperature="591.675"/>
<leakage EGoption="2" buckling="0.0" mode="P1"/>
<depletion power="40.0126975752">
<BurnStep>10.0</BurnStep>
</depletion>
<LinkPara BOR="0.0" ControlRod="no" TFU="866.15" TMO="591.675"/>
</restart>
<restart begin="yes">
<material BOR="200.0" ID="255" ResetAll="yes" pressure="15.5" temperature="591.675"/>
<leakage EGoption="2" buckling="0.0" mode="P1"/>
<depletion power="40.0126975752">
<BurnStep>0.0</BurnStep>
</depletion>
<LinkPara BOR="200.0" ControlRod="no" TFU="866.15" TMO="591.675"/>
</restart>
<restart begin="yes">
<material BOR="200.0" ID="255" ResetAll="yes" pressure="15.5" temperature="591.675"/>
<leakage EGoption="2" buckling="0.0" mode="P1"/>
<depletion power="40.0126975752">
<BurnStep>0.006</BurnStep>
</depletion>
<LinkPara BOR="200.0" ControlRod="no" TFU="866.15" TMO="591.675"/>
</restart>
<restart begin="yes">
<material BOR="200.0" ID="255" ResetAll="yes" pressure="15.5" temperature="591.675"/>
<leakage EGoption="2" buckling="0.0" mode="P1"/>
<depletion power="40.0126975752">
<BurnStep>0.08</BurnStep>
</depletion>
<LinkPara BOR="200.0" ControlRod="no" TFU="866.15" TMO="591.675"/>
</restart>
<restart begin="yes">
<material BOR="200.0" ID="255" ResetAll="yes" pressure="15.5" temperature="591.675"/>
<leakage EGoption="2" buckling="0.0" mode="P1"/>
<depletion power="40.0126975752">
<BurnStep>0.35</BurnStep>
</depletion>
<LinkPara BOR="200.0" ControlRod="no" TFU="866.15" TMO="591.675"/>
</restart>
<restart begin="yes">
<material BOR="200.0" ID="255" ResetAll="yes" pressure="15.5" temperature="591.675"/>
<leakage EGoption="2" buckling="0.0" mode="P1"/>
<depletion power="40.0126975752">
<BurnStep>1.6</BurnStep>
</depletion>
<LinkPara BOR="200.0" ControlRod="no" TFU="866.15" TMO="591.675"/>
</restart>
<restart begin="yes">
<material BOR="200.0" ID="255" ResetAll="yes" pressure="15.5" temperature="591.675"/>
<leakage EGoption="2" buckling="0.0" mode="P1"/>
<depletion power="40.0126975752">
<BurnStep>4.5</BurnStep>
</depletion>
<LinkPara BOR="200.0" ControlRod="no" TFU="866.15" TMO="591.675"/>
</restart>
<restart begin="yes">
<material BOR="200.0" ID="255" ResetAll="yes" pressure="15.5" temperature="591.675"/>
<leakage EGoption="2" buckling="0.0" mode="P1"/>
<depletion power="40.0126975752">
<BurnStep>7.0</BurnStep>
</depletion>
<LinkPara BOR="200.0" ControlRod="no" TFU="866.15" TMO="591.675"/>
</restart>
<restart begin="yes">
<material BOR="200.0" ID="255" ResetAll="yes" pressure="15.5" temperature="591.675"/>
<leakage EGoption="2" buckling="0.0" mode="P1"/>
<depletion power="40.0126975752">
<BurnStep>10.0</BurnStep>
</depletion>
<LinkPara BOR="200.0" ControlRod="no" TFU="866.15" TMO="591.675"/>
</restart>
<restart begin="yes">
<material BOR="800.0" ID="255" ResetAll="yes" pressure="15.5" temperature="591.675"/>
<leakage EGoption="2" buckling="0.0" mode="P1"/>
<depletion power="40.0126975752">
<BurnStep>0.0</BurnStep>
</depletion>
<LinkPara BOR="800.0" ControlRod="no" TFU="866.15" TMO="591.675"/>
</restart>
<restart begin="yes">
<material BOR="800.0" ID="255" ResetAll="yes" pressure="15.5" temperature="591.675"/>
<leakage EGoption="2" buckling="0.0" mode="P1"/>
<depletion power="40.0126975752">
<BurnStep>0.006</BurnStep>
</depletion>
<LinkPara BOR="800.0" ControlRod="no" TFU="866.15" TMO="591.675"/>
</restart>
<restart begin="yes">
<material BOR="800.0" ID="255" ResetAll="yes" pressure="15.5" temperature="591.675"/>
<leakage EGoption="2" buckling="0.0" mode="P1"/>
<depletion power="40.0126975752">
<BurnStep>0.08</BurnStep>
</depletion>
<LinkPara BOR="800.0" ControlRod="no" TFU="866.15" TMO="591.675"/>
</restart>
<restart begin="yes">
<material BOR="800.0" ID="255" ResetAll="yes" pressure="15.5" temperature="591.675"/>
<leakage EGoption="2" buckling="0.0" mode="P1"/>
<depletion power="40.0126975752">
<BurnStep>0.35</BurnStep>
</depletion>
<LinkPara BOR="800.0" ControlRod="no" TFU="866.15" TMO="591.675"/>
</restart>
<restart begin="yes">
<material BOR="800.0" ID="255" ResetAll="yes" pressure="15.5" temperature="591.675"/>
<leakage EGoption="2" buckling="0.0" mode="P1"/>
<depletion power="40.0126975752">
<BurnStep>1.6</BurnStep>
</depletion>
<LinkPara BOR="800.0" ControlRod="no" TFU="866.15" TMO="591.675"/>
</restart>
<restart begin="yes">
<material BOR="800.0" ID="255" ResetAll="yes" pressure="15.5" temperature="591.675"/>
<leakage EGoption="2" buckling="0.0" mode="P1"/>
<depletion power="40.0126975752">
<BurnStep>4.5</BurnStep>
</depletion>
<LinkPara BOR="800.0" ControlRod="no" TFU="866.15" TMO="591.675"/>
</restart>
<restart begin="yes">
<material BOR="800.0" ID="255" ResetAll="yes" pressure="15.5" temperature="591.675"/>
<leakage EGoption="2" buckling="0.0" mode="P1"/>
<depletion power="40.0126975752">
<BurnStep>7.0</BurnStep>
</depletion>
<LinkPara BOR="800.0" ControlRod="no" TFU="866.15" TMO="591.675"/>
</restart>
<restart begin="yes">
<material BOR="800.0" ID="255" ResetAll="yes" pressure="15.5" temperature="591.675"/>
<leakage EGoption="2" buckling="0.0" mode="P1"/>
<depletion power="40.0126975752">
<BurnStep>10.0</BurnStep>
</depletion>
<LinkPara BOR="800.0" ControlRod="no" TFU="866.15" TMO="591.675"/>
</restart>
<restart begin="yes">
<material BOR="1400.0" ID="255" ResetAll="yes" pressure="15.5" temperature="591.675"/>
<leakage EGoption="2" buckling="0.0" mode="P1"/>
<depletion power="40.0126975752">
<BurnStep>0.0</BurnStep>
</depletion>
<LinkPara BOR="1400.0" ControlRod="no" TFU="866.15" TMO="591.675"/>
</restart>
<restart begin="yes">
<material BOR="1400.0" ID="255" ResetAll="yes" pressure="15.5" temperature="591.675"/>
<leakage EGoption="2" buckling="0.0" mode="P1"/>
<depletion power="40.0126975752">
<BurnStep>0.006</BurnStep>
</depletion>
<LinkPara BOR="1400.0" ControlRod="no" TFU="866.15" TMO="591.675"/>
</restart>
<restart begin="yes">
<material BOR="1400.0" ID="255" ResetAll="yes" pressure="15.5" temperature="591.675"/>
<leakage EGoption="2" buckling="0.0" mode="P1"/>
<depletion power="40.0126975752">
<BurnStep>0.08</BurnStep>
</depletion>
<LinkPara BOR="1400.0" ControlRod="no" TFU="866.15" TMO="591.675"/>
</restart>
<restart begin="yes">
<material BOR="1400.0" ID="255" ResetAll="yes" pressure="15.5" temperature="591.675"/>
<leakage EGoption="2" buckling="0.0" mode="P1"/>
<depletion power="40.0126975752">
<BurnStep>0.35</BurnStep>
</depletion>
<LinkPara BOR="1400.0" ControlRod="no" TFU="866.15" TMO="591.675"/>
</restart>
<restart begin="yes">
<material BOR="1400.0" ID="255" ResetAll="yes" pressure="15.5" temperature="591.675"/>
<leakage EGoption="2" buckling="0.0" mode="P1"/>
<depletion power="40.0126975752">
<BurnStep>1.6</BurnStep>
</depletion>
<LinkPara BOR="1400.0" ControlRod="no" TFU="866.15" TMO="591.675"/>
</restart>
<restart begin="yes">
<material BOR="1400.0" ID="255" ResetAll="yes" pressure="15.5" temperature="591.675"/>
<leakage EGoption="2" buckling="0.0" mode="P1"/>
<depletion power="40.0126975752">
<BurnStep>4.5</BurnStep>
</depletion>
<LinkPara BOR="1400.0" ControlRod="no" TFU="866.15" TMO="591.675"/>
</restart>
<restart begin="yes">
<material BOR="1400.0" ID="255" ResetAll="yes" pressure="15.5" temperature="591.675"/>
<leakage EGoption="2" buckling="0.0" mode="P1"/>
<depletion power="40.0126975752">
<BurnStep>7.0</BurnStep>
</depletion>
<LinkPara BOR="1400.0" ControlRod="no" TFU="866.15" TMO="591.675"/>
</restart>
<restart begin="yes">
<material BOR="1400.0" ID="255" ResetAll="yes" pressure="15.5" temperature="591.675"/>
<leakage EGoption="2" buckling="0.0" mode="P1"/>
<depletion power="40.0126975752">
<BurnStep>10.0</BurnStep>
</depletion>
<LinkPara BOR="1400.0" ControlRod="no" TFU="866.15" TMO="591.675"/>
</restart>
<restart begin="yes">
<material BOR="0.0" ID="255" ResetAll="yes" pressure="15.5" temperature="611.77"/>
<leakage EGoption="2" buckling="0.0" mode="P1"/>
<depletion power="40.0126975752">
<BurnStep>0.0</BurnStep>
</depletion>
<LinkPara BOR="0.0" ControlRod="no" TFU="866.15" TMO="611.77"/>
</restart>
</input>
