<?xml version="1.0" ?>
<input>
<path>
<WIMSNdir>E:\BLattice\database\ENDF70.69\WIMSN\WIMSNdir.xml</WIMSNdir>
<subdir>E:\BLattice\database\ENDF70.69\LSQsub\LSQsubdir.xml</subdir>
<DepFile>E:\BLattice\database\DepFile\lavender.dat</DepFile>
</path>
<settings>
<transport_correction>yes</transport_correction>
<nxs_correction>yes</nxs_correction>
<tr_cor_mode>inflow</tr_cor_mode>
<SXRFactor>0.4</SXRFactor>
<fismatrix/>
<energy_sph>yes</energy_sph>
<res_option>no</res_option>
<XEN>no</XEN>
<diff_coe>tr</diff_coe>
<macro_calc>no</macro_calc>
<homo Mode="6" NumCGrps="2" PinOut="0" RefMap="2" SPn="1"/>
<LinkPara BOR="800.0" ControlRod="no" TFU="866.15" TMO="571.65"/>
</settings>
<material ID="1" temperature="866.15">
<nuclide alias="U234" density="5.692882e-06"/>
<nuclide alias="U235" density="0.0007116102"/>
<nuclide alias="U238" density="0.02223786"/>
<nuclide alias="O16" density="0.04591034"/>
</material>
<material ID="2" temperature="571.65">
<nuclide alias="He4" density="0.000238438"/>
</material>
<material ID="3" temperature="571.65">
<nuclide alias="Zrnat" density="0.042430686"/>
<nuclide alias="Sn112" density="4.89374e-06"/>
<nuclide alias="Sn114" density="3.27135e-06"/>
<nuclide alias="Sn115" density="1.67057e-06"/>
<nuclide alias="Sn116" density="7.08258e-05"/>
<nuclide alias="Sn117" density="3.70897e-05"/>
<nuclide alias="Sn118" density="0.000115977"/>
<nuclide alias="Sn119" density="4.07866e-05"/>
<nuclide alias="Sn120" density="0.000153406"/>
<nuclide alias="Sn122" density="2.1443e-05"/>
<nuclide alias="Sn124" density="2.6382e-05"/>
<nuclide alias="Fe54" density="8.97511e-06"/>
<nuclide alias="Fe56" density="0.000135865"/>
<nuclide alias="Fe57" density="3.08261e-06"/>
<nuclide alias="Fe58" density="4.03171e-07"/>
<nuclide alias="Cr50" density="3.43472e-06"/>
<nuclide alias="Cr52" density="6.36185e-05"/>
<nuclide alias="Cr53" density="7.0775e-06"/>
<nuclide alias="Cr54" density="1.72914e-06"/>
<nuclide alias="O16" density="0.000308255"/>
<nuclide alias="Cnat" density="4.6014e-05"/>
</material>
<material ID="4" temperature="571.65">
<nuclide alias="HinH2O" density="0.0277914"/>
<nuclide alias="O16  " density="0.0139671"/>
<nuclide alias="B10s " density="1.8427e-06"/>
<nuclide alias="B11s " density="7.41712e-06"/>
<nuclide alias="Cr50" density="7.86803e-07"/>
<nuclide alias="Cr52" density="1.51727e-05"/>
<nuclide alias="Cr53" density="1.72045e-06"/>
<nuclide alias="Cr54" density="4.28252e-07"/>
<nuclide alias="Fe54" density="2.06951e-06"/>
<nuclide alias="Fe56" density="3.24871e-05"/>
<nuclide alias="Fe57" density="7.50258e-07"/>
<nuclide alias="Fe58" density="9.98458e-08"/>
<nuclide alias="Zr90 " density="0.0052101"/>
<nuclide alias="Zr91 " density="0.00113621"/>
<nuclide alias="Zr92 " density="0.00173673"/>
<nuclide alias="Zr94 " density="0.00176003"/>
<nuclide alias="Zr96 " density="0.000283552"/>
<nuclide alias="Sn112" density="1.11556e-06"/>
<nuclide alias="Sn114" density="7.59042e-07"/>
<nuclide alias="Sn115" density="3.91014e-07"/>
<nuclide alias="Sn116" density="1.67221e-05"/>
<nuclide alias="Sn117" density="8.83262e-06"/>
<nuclide alias="Sn118" density="2.78539e-05"/>
<nuclide alias="Sn119" density="9.87908e-06"/>
<nuclide alias="Sn120" density="3.74687e-05"/>
<nuclide alias="Sn122" density="5.32492e-06"/>
<nuclide alias="Sn124" density="6.65901e-06"/>
<nuclide alias="He4" density="4.52071e-05"/>
</material>
<material ID="5" temperature="571.65">
<nuclide alias="HinH2O" density="0.0241683"/>
<nuclide alias="O16  " density="0.0121381"/>
<nuclide alias="B10s " density="1.60248e-06"/>
<nuclide alias="B11s " density="6.45018e-06"/>
<nuclide alias="Cr50" density="5.9078e-05"/>
<nuclide alias="Cr52" density="0.00113929"/>
<nuclide alias="Cr53" density="0.000129182"/>
<nuclide alias="Cr54" density="3.21565e-05"/>
<nuclide alias="Fe54" density="0.000139306"/>
<nuclide alias="Fe56" density="0.00218685"/>
<nuclide alias="Fe57" density="5.05038e-05"/>
<nuclide alias="Fe58" density="6.72114e-06"/>
<nuclide alias="Zr90 " density="0.00394632"/>
<nuclide alias="Zr91 " density="0.000860608"/>
<nuclide alias="Zr92 " density="0.00131546"/>
<nuclide alias="Zr94 " density="0.00133311"/>
<nuclide alias="Zr96 " density="0.000214772"/>
<nuclide alias="Sn112" density="8.44969e-07"/>
<nuclide alias="Sn114" density="5.74926e-07"/>
<nuclide alias="Sn115" density="2.96168e-07"/>
<nuclide alias="Sn116" density="1.26659e-05"/>
<nuclide alias="Sn117" density="6.69014e-06"/>
<nuclide alias="Sn118" density="2.10976e-05"/>
<nuclide alias="Sn119" density="7.48277e-06"/>
<nuclide alias="Sn120" density="2.83802e-05"/>
<nuclide alias="Sn122" density="4.03329e-06"/>
<nuclide alias="Sn124" density="5.04378e-06"/>
<nuclide alias="He4" density="5.9304e-05"/>
<nuclide alias="Ni58" density="0.0018789"/>
<nuclide alias="Ni60" density="0.000723748"/>
<nuclide alias="Ni61" density="3.14607e-05"/>
<nuclide alias="Ni62" density="0.000100309"/>
<nuclide alias="Ni64" density="2.55459e-05"/>
<nuclide alias="Mn55" density="7.1859e-05"/>
<nuclide alias="Si28" density="4.77651e-05"/>
<nuclide alias="Si29" density="2.42651e-06"/>
<nuclide alias="Si30" density="1.60145e-06"/>
</material>
<material ID="6" temperature="571.65">
<nuclide alias="HinH2O" density="0.0276899"/>
<nuclide alias="O16  " density="0.013899"/>
<nuclide alias="B10s " density="1.83597e-06"/>
<nuclide alias="B11s " density="7.39004e-06"/>
<nuclide alias="Cr50" density="2.23897e-06"/>
<nuclide alias="Cr52" density="4.31772e-05"/>
<nuclide alias="Cr53" density="4.89581e-06"/>
<nuclide alias="Cr54" density="1.21868e-06"/>
<nuclide alias="Fe54" density="4.67489e-06"/>
<nuclide alias="Fe56" density="7.33878e-05"/>
<nuclide alias="Fe57" density="1.69482e-06"/>
<nuclide alias="Fe58" density="2.2555e-07"/>
<nuclide alias="Zr90 " density="0.00394632"/>
<nuclide alias="Zr91 " density="0.000860608"/>
<nuclide alias="Zr92 " density="0.00131546"/>
<nuclide alias="Zr94 " density="0.00133311"/>
<nuclide alias="Zr96 " density="0.000214772"/>
<nuclide alias="Sn112" density="8.44969e-07"/>
<nuclide alias="Sn114" density="5.74926e-07"/>
<nuclide alias="Sn115" density="2.96168e-07"/>
<nuclide alias="Sn116" density="1.26659e-05"/>
<nuclide alias="Sn117" density="6.69014e-06"/>
<nuclide alias="Sn118" density="2.10976e-05"/>
<nuclide alias="Sn119" density="7.48277e-06"/>
<nuclide alias="Sn120" density="2.83802e-05"/>
<nuclide alias="Sn122" density="4.03329e-06"/>
<nuclide alias="Sn124" density="5.04378e-06"/>
<nuclide alias="He4" density="5.9304e-05"/>
<nuclide alias="Ni58" density="6.1572e-05"/>
<nuclide alias="Ni60" density="2.37174e-05"/>
<nuclide alias="Ni61" density="1.03097e-06"/>
<nuclide alias="Ni62" density="3.28713e-06"/>
<nuclide alias="Ni64" density="8.37144e-07"/>
<nuclide alias="Mn55" density="1.64222e-06"/>
<nuclide alias="Si28" density="1.19181e-06"/>
<nuclide alias="Si29" density="6.05451e-08"/>
<nuclide alias="Si30" density="3.99588e-08"/>
</material>
<material ID="7" temperature="571.65">
<nuclide alias="HinH2O" density="0.0277914"/>
<nuclide alias="O16  " density="0.0140054"/>
<nuclide alias="B10s " density="1.8427e-06"/>
<nuclide alias="B11s " density="7.41712e-06"/>
<nuclide alias="Cr50" density="4.59637e-05"/>
<nuclide alias="Cr52" density="0.000886382"/>
<nuclide alias="Cr53" density="0.000100507"/>
<nuclide alias="Cr54" density="2.50184e-05"/>
<nuclide alias="Fe54" density="0.000119982"/>
<nuclide alias="Fe56" density="0.00188349"/>
<nuclide alias="Fe57" density="4.34981e-05"/>
<nuclide alias="Fe58" density="5.7888e-06"/>
<nuclide alias="Zr90 " density="0.00801269"/>
<nuclide alias="Zr91 " density="0.0017474"/>
<nuclide alias="Zr92 " density="0.00267095"/>
<nuclide alias="Zr94 " density="0.00270678"/>
<nuclide alias="Zr96 " density="0.000436078"/>
<nuclide alias="Sn112" density="1.71564e-06"/>
<nuclide alias="Sn114" density="1.16734e-06"/>
<nuclide alias="Sn115" density="6.01347e-07"/>
<nuclide alias="Sn116" density="2.57172e-05"/>
<nuclide alias="Sn117" density="1.35838e-05"/>
<nuclide alias="Sn118" density="4.28369e-05"/>
<nuclide alias="Sn119" density="1.51932e-05"/>
<nuclide alias="Sn120" density="5.76237e-05"/>
<nuclide alias="Sn122" density="8.18927e-06"/>
<nuclide alias="Sn124" density="1.0241e-05"/>
<nuclide alias="Ni58" density="0.00130652"/>
<nuclide alias="Ni60" density="0.000503269"/>
<nuclide alias="Ni61" density="2.18767e-05"/>
<nuclide alias="Ni62" density="6.97512e-05"/>
<nuclide alias="Ni64" density="1.77637e-05"/>
<nuclide alias="Mn55" density="6.06198e-05"/>
<nuclide alias="Si28" density="3.87963e-05"/>
<nuclide alias="Si29" density="1.97089e-06"/>
<nuclide alias="Si30" density="1.30075e-06"/>
</material>
<material ID="8" temperature="571.65">
<nuclide alias="HinH2O" density="0.0149705"/>
<nuclide alias="O16  " density="0.00748524"/>
<nuclide alias="B10s " density="9.92621e-07"/>
<nuclide alias="B11s " density="3.99542e-06"/>
<nuclide alias="Cr50" density="0.000529615"/>
<nuclide alias="Cr52" density="0.0102132"/>
<nuclide alias="Cr53" density="0.00115811"/>
<nuclide alias="Cr54" density="0.000288274"/>
<nuclide alias="Fe54" density="0.00238809"/>
<nuclide alias="Fe56" density="0.0374872"/>
<nuclide alias="Fe57" density="0.000865768"/>
<nuclide alias="Fe58" density="0.000115217"/>
<nuclide alias="Ni58" density="0.00386902"/>
<nuclide alias="Ni60" density="0.00149031"/>
<nuclide alias="Ni61" density="6.47839e-05"/>
<nuclide alias="Ni62" density="0.000206561"/>
<nuclide alias="Ni64" density="5.26048e-05"/>
<nuclide alias="Mn55" density="0.00121432"/>
<nuclide alias="Si28" density="0.0006572"/>
<nuclide alias="Si29" density="3.33863e-05"/>
<nuclide alias="Si30" density="2.20343e-05"/>
</material>
<material ID="9" temperature="571.65">
<nuclide alias="HinH2O" density="0.0426556"/>
<nuclide alias="O16  " density="0.0213278"/>
<nuclide alias="B10s " density="2.82827e-06"/>
<nuclide alias="B11s " density="1.13842e-05"/>
<nuclide alias="Cr50" density="8.983e-05"/>
<nuclide alias="Cr52" density="0.0017323"/>
<nuclide alias="Cr53" density="0.00019643"/>
<nuclide alias="Cr54" density="4.8895e-05"/>
<nuclide alias="Fe54" density="0.00040505"/>
<nuclide alias="Fe56" density="0.0063584"/>
<nuclide alias="Fe57" density="0.00014685"/>
<nuclide alias="Fe58" density="1.9543e-05"/>
<nuclide alias="Ni58" density="0.00065624"/>
<nuclide alias="Ni60" density="0.00025278"/>
<nuclide alias="Ni61" density="1.0988e-05"/>
<nuclide alias="Ni62" density="3.5036e-05"/>
<nuclide alias="Ni64" density="8.9225e-06"/>
<nuclide alias="Mn55" density="0.00020597"/>
<nuclide alias="Si28" density="0.00011147"/>
<nuclide alias="Si29" density="5.6628e-06"/>
<nuclide alias="Si30" density="3.7373e-06"/>
</material>
<material BOR="800.0" ID="255" pressure="15.5" temperature="571.65">
<nuclide alias="HinH2O" density=""/>
<nuclide alias="O16" density=""/>
<nuclide alias="B10s" density=""/>
<nuclide alias="B11s" density=""/>
</material>
<SubGeo HalfWidth="0.63" ID="1" NumLines1st="5" NumLines2nd="8" SubType="1">
<Angle1st>0</Angle1st>
<Ring1st>5</Ring1st>
<GapType>0</GapType>
<GapWidth>0.0</GapWidth>
<Lines1st>
0.2364249352
0.3343553499
0.4095
0.418
0.475
</Lines1st>
<Lines2nd/>
</SubGeo>
<SubMat ID="1" SubID="1">
<MatIDs>
1
1
1
2
3
255
</MatIDs>
</SubMat>
<SubGeo HalfWidth="0.63" ID="10001" NumLines1st="5" NumLines2nd="8" SubType="1">
<Angle1st>0</Angle1st>
<Ring1st>5</Ring1st>
<GapType>1</GapType>
<GapWidth>0.042</GapWidth>
<Lines1st>
0.2364249352
0.3343553499
0.4095
0.418
0.475
</Lines1st>
<Lines2nd/>
</SubGeo>
<SubMat ID="10001" SubID="10001">
<MatIDs>
1
1
1
2
3
255
</MatIDs>
</SubMat>
<SubGeo HalfWidth="0.63" ID="20001" NumLines1st="5" NumLines2nd="8" SubType="1">
<Angle1st>0</Angle1st>
<Ring1st>5</Ring1st>
<GapType>2</GapType>
<GapWidth>0.042</GapWidth>
<Lines1st>
0.2364249352
0.3343553499
0.4095
0.418
0.475
</Lines1st>
<Lines2nd/>
</SubGeo>
<SubMat ID="20001" SubID="20001">
<MatIDs>
1
1
1
2
3
255
</MatIDs>
</SubMat>
<SubGeo HalfWidth="0.63" ID="30001" NumLines1st="5" NumLines2nd="8" SubType="1">
<Angle1st>0</Angle1st>
<Ring1st>5</Ring1st>
<GapType>3</GapType>
<GapWidth>0.042</GapWidth>
<Lines1st>
0.2364249352
0.3343553499
0.4095
0.418
0.475
</Lines1st>
<Lines2nd/>
</SubGeo>
<SubMat ID="30001" SubID="30001">
<MatIDs>
1
1
1
2
3
255
</MatIDs>
</SubMat>
<SubGeo HalfWidth="0.63" ID="40001" NumLines1st="5" NumLines2nd="8" SubType="1">
<Angle1st>0</Angle1st>
<Ring1st>5</Ring1st>
<GapType>4</GapType>
<GapWidth>0.042</GapWidth>
<Lines1st>
0.2364249352
0.3343553499
0.4095
0.418
0.475
</Lines1st>
<Lines2nd/>
</SubGeo>
<SubMat ID="40001" SubID="40001">
<MatIDs>
1
1
1
2
3
255
</MatIDs>
</SubMat>
<SubGeo HalfWidth="0.63" ID="50001" NumLines1st="5" NumLines2nd="8" SubType="1">
<Angle1st>0</Angle1st>
<Ring1st>5</Ring1st>
<GapType>14</GapType>
<GapWidth>0.042</GapWidth>
<Lines1st>
0.2364249352
0.3343553499
0.4095
0.418
0.475
</Lines1st>
<Lines2nd/>
</SubGeo>
<SubMat ID="50001" SubID="50001">
<MatIDs>
1
1
1
2
3
255
</MatIDs>
</SubMat>
<SubGeo HalfWidth="0.63" ID="60001" NumLines1st="5" NumLines2nd="8" SubType="1">
<Angle1st>0</Angle1st>
<Ring1st>5</Ring1st>
<GapType>21</GapType>
<GapWidth>0.042</GapWidth>
<Lines1st>
0.2364249352
0.3343553499
0.4095
0.418
0.475
</Lines1st>
<Lines2nd/>
</SubGeo>
<SubMat ID="60001" SubID="60001">
<MatIDs>
1
1
1
2
3
255
</MatIDs>
</SubMat>
<SubGeo HalfWidth="0.63" ID="70001" NumLines1st="5" NumLines2nd="8" SubType="1">
<Angle1st>0</Angle1st>
<Ring1st>5</Ring1st>
<GapType>32</GapType>
<GapWidth>0.042</GapWidth>
<Lines1st>
0.2364249352
0.3343553499
0.4095
0.418
0.475
</Lines1st>
<Lines2nd/>
</SubGeo>
<SubMat ID="70001" SubID="70001">
<MatIDs>
1
1
1
2
3
255
</MatIDs>
</SubMat>
<SubGeo HalfWidth="0.63" ID="80001" NumLines1st="5" NumLines2nd="8" SubType="1">
<Angle1st>0</Angle1st>
<Ring1st>5</Ring1st>
<GapType>43</GapType>
<GapWidth>0.042</GapWidth>
<Lines1st>
0.2364249352
0.3343553499
0.4095
0.418
0.475
</Lines1st>
<Lines2nd/>
</SubGeo>
<SubMat ID="80001" SubID="80001">
<MatIDs>
1
1
1
2
3
255
</MatIDs>
</SubMat>
<SubGeo HalfWidth="0.63" ID="2" NumLines1st="4" NumLines2nd="8" SubType="1">
<Angle1st>0</Angle1st>
<Ring1st>4</Ring1st>
<GapType>0</GapType>
<GapWidth>0.0</GapWidth>
<Lines1st>
0.3305330291
0.4674442926
0.5725
0.6225
</Lines1st>
<Lines2nd/>
</SubGeo>
<SubMat ID="2" SubID="2">
<MatIDs>
255
255
255
3
255
</MatIDs>
</SubMat>
<SubGeo HalfWidth="0.63" ID="3" NumLines1st="5" NumLines2nd="5" SubType="7">
<Angle1st>0</Angle1st>
<Ring1st>0</Ring1st>
<GapType>0</GapType>
<GapWidth>0.0</GapWidth>
<Lines1st>
0.252
0.504
0.756
1.008
1.26
</Lines1st>
<Lines2nd>
0.252
0.504
0.756
1.008
1.26
</Lines2nd>
</SubGeo>
<SubMat ID="3" SubID="3">
<MatIDs>
4 4 4 4 4 
4 4 4 4 4 
4 4 4 4 4 
4 4 4 4 4 
4 4 4 4 4 
</MatIDs>
</SubMat>
<SubGeo HalfWidth="0.63" ID="4" NumLines1st="6" NumLines2nd="6" SubType="7">
<Angle1st>0</Angle1st>
<Ring1st>0</Ring1st>
<GapType>0</GapType>
<GapWidth>0.0</GapWidth>
<Lines1st>
0.252
0.48
0.504
0.756
1.008
1.26
</Lines1st>
<Lines2nd>
0.21
0.42
0.63
0.84
1.05
1.26
</Lines2nd>
</SubGeo>
<SubMat ID="4" SubID="4">
<MatIDs>
4 4 5 5 5 5 
4 4 5 5 5 5 
4 4 5 5 5 5 
4 4 5 5 5 5 
4 4 5 5 5 5 
4 4 5 5 5 5 
</MatIDs>
</SubMat>
<SubGeo HalfWidth="0.63" ID="5" NumLines1st="5" NumLines2nd="5" SubType="7">
<Angle1st>0</Angle1st>
<Ring1st>0</Ring1st>
<GapType>0</GapType>
<GapWidth>0.0</GapWidth>
<Lines1st>
0.252
0.504
0.756
1.008
1.26
</Lines1st>
<Lines2nd>
0.252
0.504
0.756
1.008
1.26
</Lines2nd>
</SubGeo>
<SubMat ID="5" SubID="5">
<MatIDs>
5 5 5 5 5 
5 5 5 5 5 
5 5 5 5 5 
5 5 5 5 5 
5 5 5 5 5 
</MatIDs>
</SubMat>
<SubGeo HalfWidth="0.63" ID="6" NumLines1st="6" NumLines2nd="6" SubType="7">
<Angle1st>0</Angle1st>
<Ring1st>0</Ring1st>
<GapType>0</GapType>
<GapWidth>0.0</GapWidth>
<Lines1st>
0.252
0.504
0.7
0.756
1.008
1.26
</Lines1st>
<Lines2nd>
0.21
0.42
0.63
0.84
1.05
1.26
</Lines2nd>
</SubGeo>
<SubMat ID="6" SubID="6">
<MatIDs>
5 5 5 6 6 6 
5 5 5 6 6 6 
5 5 5 6 6 6 
5 5 5 6 6 6 
5 5 5 6 6 6 
5 5 5 6 6 6 
</MatIDs>
</SubMat>
<SubGeo HalfWidth="0.63" ID="7" NumLines1st="5" NumLines2nd="5" SubType="7">
<Angle1st>0</Angle1st>
<Ring1st>0</Ring1st>
<GapType>0</GapType>
<GapWidth>0.0</GapWidth>
<Lines1st>
0.252
0.504
0.756
1.008
1.26
</Lines1st>
<Lines2nd>
0.252
0.504
0.756
1.008
1.26
</Lines2nd>
</SubGeo>
<SubMat ID="7" SubID="7">
<MatIDs>
6 6 6 6 6 
6 6 6 6 6 
6 6 6 6 6 
6 6 6 6 6 
6 6 6 6 6 
</MatIDs>
</SubMat>
<SubGeo HalfWidth="0.63" ID="8" NumLines1st="6" NumLines2nd="6" SubType="7">
<Angle1st>0</Angle1st>
<Ring1st>0</Ring1st>
<GapType>0</GapType>
<GapWidth>0.0</GapWidth>
<Lines1st>
0.252
0.504
0.66
0.756
1.008
1.26
</Lines1st>
<Lines2nd>
0.21
0.42
0.63
0.84
1.05
1.26
</Lines2nd>
</SubGeo>
<SubMat ID="8" SubID="8">
<MatIDs>
6 6 6 7 7 7 
6 6 6 7 7 7 
6 6 6 7 7 7 
6 6 6 7 7 7 
6 6 6 7 7 7 
6 6 6 7 7 7 
</MatIDs>
</SubMat>
<SubGeo HalfWidth="0.63" ID="9" NumLines1st="5" NumLines2nd="5" SubType="7">
<Angle1st>0</Angle1st>
<Ring1st>0</Ring1st>
<GapType>0</GapType>
<GapWidth>0.0</GapWidth>
<Lines1st>
0.252
0.504
0.756
1.008
1.26
</Lines1st>
<Lines2nd>
0.252
0.504
0.756
1.008
1.26
</Lines2nd>
</SubGeo>
<SubMat ID="9" SubID="9">
<MatIDs>
7 7 7 7 7 
7 7 7 7 7 
7 7 7 7 7 
7 7 7 7 7 
7 7 7 7 7 
</MatIDs>
</SubMat>
<SubGeo HalfWidth="0.63" ID="10" NumLines1st="6" NumLines2nd="6" SubType="7">
<Angle1st>0</Angle1st>
<Ring1st>0</Ring1st>
<GapType>0</GapType>
<GapWidth>0.0</GapWidth>
<Lines1st>
0.14
0.252
0.504
0.756
1.008
1.26
</Lines1st>
<Lines2nd>
0.21
0.42
0.63
0.84
1.05
1.26
</Lines2nd>
</SubGeo>
<SubMat ID="10" SubID="10">
<MatIDs>
7 8 8 8 8 8 
7 8 8 8 8 8 
7 8 8 8 8 8 
7 8 8 8 8 8 
7 8 8 8 8 8 
7 8 8 8 8 8 
</MatIDs>
</SubMat>
<SubGeo HalfWidth="0.63" ID="11" NumLines1st="6" NumLines2nd="6" SubType="7">
<Angle1st>0</Angle1st>
<Ring1st>0</Ring1st>
<GapType>0</GapType>
<GapWidth>0.0</GapWidth>
<Lines1st>
0.252
0.504
0.756
0.88
1.008
1.26
</Lines1st>
<Lines2nd>
0.21
0.42
0.63
0.84
1.05
1.26
</Lines2nd>
</SubGeo>
<SubMat ID="11" SubID="11">
<MatIDs>
8 8 8 8 9 9 
8 8 8 8 9 9 
8 8 8 8 9 9 
8 8 8 8 9 9 
8 8 8 8 9 9 
8 8 8 8 9 9 
</MatIDs>
</SubMat>
<SubGeo HalfWidth="0.63" ID="12" NumLines1st="5" NumLines2nd="5" SubType="7">
<Angle1st>0</Angle1st>
<Ring1st>0</Ring1st>
<GapType>0</GapType>
<GapWidth>0.0</GapWidth>
<Lines1st>
0.252
0.504
0.756
1.008
1.26
</Lines1st>
<Lines2nd>
0.252
0.504
0.756
1.008
1.26
</Lines2nd>
</SubGeo>
<SubMat ID="12" SubID="12">
<MatIDs>
9 9 9 9 9 
9 9 9 9 9 
9 9 9 9 9 
9 9 9 9 9 
9 9 9 9 9 
</MatIDs>
</SubMat>
<SubGeo HalfWidth="0.63" ID="13" NumLines1st="6" NumLines2nd="6" SubType="7">
<Angle1st>0</Angle1st>
<Ring1st>0</Ring1st>
<GapType>0</GapType>
<GapWidth>0.0</GapWidth>
<Lines1st>
0.1
0.252
0.504
0.756
1.008
1.26
</Lines1st>
<Lines2nd>
0.21
0.42
0.63
0.84
1.05
1.26
</Lines2nd>
</SubGeo>
<SubMat ID="13" SubID="13">
<MatIDs>
9 255 255 255 255 255 
9 255 255 255 255 255 
9 255 255 255 255 255 
9 255 255 255 255 255 
9 255 255 255 255 255 
9 255 255 255 255 255 
</MatIDs>
</SubMat>
<SubGeo HalfWidth="0.63" ID="14" NumLines1st="5" NumLines2nd="5" SubType="7">
<Angle1st>0</Angle1st>
<Ring1st>0</Ring1st>
<GapType>0</GapType>
<GapWidth>0.0</GapWidth>
<Lines1st>
0.252
0.504
0.756
1.008
1.26
</Lines1st>
<Lines2nd>
0.252
0.504
0.756
1.008
1.26
</Lines2nd>
</SubGeo>
<SubMat ID="14" SubID="14">
<MatIDs>
255 255 255 255 255 
255 255 255 255 255 
255 255 255 255 255 
255 255 255 255 255 
255 255 255 255 255 
</MatIDs>
</SubMat>
<ModGeo ID="1" ModType="1" NumSubXs="17" NumSubYs="17">
<L>
70001 30001 30001 30001 30001 30001 30001 30001 30001 30001 30001 30001 30001 30001 30001 30001 80001
20001     1     1     1     1     1     1     1     1     1     1     1     1     1     1     1 40001
20001     1     1     1     1     2     1     1     2     1     1     2     1     1     1     1 40001
20001     1     1     2     1     1     1     1     1     1     1     1     1     2     1     1 40001
20001     1     1     1     1     1     1     1     1     1     1     1     1     1     1     1 40001
20001     1     2     1     1     2     1     1     2     1     1     2     1     1     2     1 40001
20001     1     1     1     1     1     1     1     1     1     1     1     1     1     1     1 40001
20001     1     1     1     1     1     1     1     1     1     1     1     1     1     1     1 40001
20001     1     2     1     1     2     1     1     2     1     1     2     1     1     2     1 40001
20001     1     1     1     1     1     1     1     1     1     1     1     1     1     1     1 40001
20001     1     1     1     1     1     1     1     1     1     1     1     1     1     1     1 40001
20001     1     2     1     1     2     1     1     2     1     1     2     1     1     2     1 40001
20001     1     1     1     1     1     1     1     1     1     1     1     1     1     1     1 40001
20001     1     1     2     1     1     1     1     1     1     1     1     1     2     1     1 40001
20001     1     1     1     1     2     1     1     2     1     1     2     1     1     1     1 40001
20001     1     1     1     1     1     1     1     1     1     1     1     1     1     1     1 40001
60001 10001 10001 10001 10001 10001 10001 10001 10001 10001 10001 10001 10001 10001 10001 10001 50001
</L>
</ModGeo>
<ModMat ID="1" ModID="1" NumSubXs="17" NumSubYs="17">
<L>
70001 30001 30001 30001 30001 30001 30001 30001 30001 30001 30001 30001 30001 30001 30001 30001 80001
20001     1     1     1     1     1     1     1     1     1     1     1     1     1     1     1 40001
20001     1     1     1     1     2     1     1     2     1     1     2     1     1     1     1 40001
20001     1     1     2     1     1     1     1     1     1     1     1     1     2     1     1 40001
20001     1     1     1     1     1     1     1     1     1     1     1     1     1     1     1 40001
20001     1     2     1     1     2     1     1     2     1     1     2     1     1     2     1 40001
20001     1     1     1     1     1     1     1     1     1     1     1     1     1     1     1 40001
20001     1     1     1     1     1     1     1     1     1     1     1     1     1     1     1 40001
20001     1     2     1     1     2     1     1     2     1     1     2     1     1     2     1 40001
20001     1     1     1     1     1     1     1     1     1     1     1     1     1     1     1 40001
20001     1     1     1     1     1     1     1     1     1     1     1     1     1     1     1 40001
20001     1     2     1     1     2     1     1     2     1     1     2     1     1     2     1 40001
20001     1     1     1     1     1     1     1     1     1     1     1     1     1     1     1 40001
20001     1     1     2     1     1     1     1     1     1     1     1     1     2     1     1 40001
20001     1     1     1     1     2     1     1     2     1     1     2     1     1     1     1 40001
20001     1     1     1     1     1     1     1     1     1     1     1     1     1     1     1 40001
60001 10001 10001 10001 10001 10001 10001 10001 10001 10001 10001 10001 10001 10001 10001 10001 50001
</L>
</ModMat>
<ModGeo ID="2" ModType="1" NumSubXs="17" NumSubYs="17">
<L>
3 3 4 5 5 6 7 7 7 8 9 10 11 12 12 13 14 
3 3 4 5 5 6 7 7 7 8 9 10 11 12 12 13 14 
3 3 4 5 5 6 7 7 7 8 9 10 11 12 12 13 14 
3 3 4 5 5 6 7 7 7 8 9 10 11 12 12 13 14 
3 3 4 5 5 6 7 7 7 8 9 10 11 12 12 13 14 
3 3 4 5 5 6 7 7 7 8 9 10 11 12 12 13 14 
3 3 4 5 5 6 7 7 7 8 9 10 11 12 12 13 14 
3 3 4 5 5 6 7 7 7 8 9 10 11 12 12 13 14 
3 3 4 5 5 6 7 7 7 8 9 10 11 12 12 13 14 
3 3 4 5 5 6 7 7 7 8 9 10 11 12 12 13 14 
3 3 4 5 5 6 7 7 7 8 9 10 11 12 12 13 14 
3 3 4 5 5 6 7 7 7 8 9 10 11 12 12 13 14 
3 3 4 5 5 6 7 7 7 8 9 10 11 12 12 13 14 
3 3 4 5 5 6 7 7 7 8 9 10 11 12 12 13 14 
3 3 4 5 5 6 7 7 7 8 9 10 11 12 12 13 14 
3 3 4 5 5 6 7 7 7 8 9 10 11 12 12 13 14 
3 3 4 5 5 6 7 7 7 8 9 10 11 12 12 13 14 
</L>
</ModGeo>
<ModMat ID="2" ModID="2" NumSubXs="17" NumSubYs="17">
<L>
3 3 4 5 5 6 7 7 7 8 9 10 11 12 12 13 14 
3 3 4 5 5 6 7 7 7 8 9 10 11 12 12 13 14 
3 3 4 5 5 6 7 7 7 8 9 10 11 12 12 13 14 
3 3 4 5 5 6 7 7 7 8 9 10 11 12 12 13 14 
3 3 4 5 5 6 7 7 7 8 9 10 11 12 12 13 14 
3 3 4 5 5 6 7 7 7 8 9 10 11 12 12 13 14 
3 3 4 5 5 6 7 7 7 8 9 10 11 12 12 13 14 
3 3 4 5 5 6 7 7 7 8 9 10 11 12 12 13 14 
3 3 4 5 5 6 7 7 7 8 9 10 11 12 12 13 14 
3 3 4 5 5 6 7 7 7 8 9 10 11 12 12 13 14 
3 3 4 5 5 6 7 7 7 8 9 10 11 12 12 13 14 
3 3 4 5 5 6 7 7 7 8 9 10 11 12 12 13 14 
3 3 4 5 5 6 7 7 7 8 9 10 11 12 12 13 14 
3 3 4 5 5 6 7 7 7 8 9 10 11 12 12 13 14 
3 3 4 5 5 6 7 7 7 8 9 10 11 12 12 13 14 
3 3 4 5 5 6 7 7 7 8 9 10 11 12 12 13 14 
3 3 4 5 5 6 7 7 7 8 9 10 11 12 12 13 14 
</L>
</ModMat>
<CoreGeo NumModXs="2" NumModYs="1">
<L>1 2</L>
</CoreGeo>
<CoreMat NumModXs="2" NumModYs="1">
<L>1 2</L>
</CoreMat>
<condition azimuthnum="16" polarnum="3" raynum="500">
<boundary bottom="1.0" lean="1.0" left="1.0" right="0.0" top="1.0"/>
</condition>
<depletion power="40.0126975752">
<BurnStep/>
</depletion>
<leakage buckling="0.0" mode="no"/>
<criterion FerrInLimit="1.0E-5" FerrOutLimit="1.0E-4" KerrLimit="1.0E-5" MaxNinIter="30" MaxNoutIter="200">
<CMFDMG button="on"/>
<CMFDFG button="off" ngroup="2">
<EGbound>45 69</EGbound>
</CMFDFG>
</criterion>
<condense>
<ConRegMode>0</ConRegMode>
<Grp>45 69</Grp>
<Reg>
<RegNum/>
</Reg>
</condense>
<print>
<option>0 0 0 0 0 0 0 0 0 0</option>
</print>
<restart begin="yes">
<material BOR="0.0" ID="255" ResetAll="yes" pressure="15.5" temperature="550.15"/>
<leakage buckling="0.0" mode="no"/>
<depletion power="40.0126975752">
<BurnStep>0.0</BurnStep>
</depletion>
<LinkPara BOR="0.0" ControlRod="no" TFU="866.15" TMO="550.15"/>
</restart>
<restart begin="yes">
<material BOR="200.0" ID="255" ResetAll="yes" pressure="15.5" temperature="550.15"/>
<leakage buckling="0.0" mode="no"/>
<depletion power="40.0126975752">
<BurnStep>0.0</BurnStep>
</depletion>
<LinkPara BOR="200.0" ControlRod="no" TFU="866.15" TMO="550.15"/>
</restart>
<restart begin="yes">
<material BOR="400.0" ID="255" ResetAll="yes" pressure="15.5" temperature="550.15"/>
<leakage buckling="0.0" mode="no"/>
<depletion power="40.0126975752">
<BurnStep>0.0</BurnStep>
</depletion>
<LinkPara BOR="400.0" ControlRod="no" TFU="866.15" TMO="550.15"/>
</restart>
<restart begin="yes">
<material BOR="600.0" ID="255" ResetAll="yes" pressure="15.5" temperature="550.15"/>
<leakage buckling="0.0" mode="no"/>
<depletion power="40.0126975752">
<BurnStep>0.0</BurnStep>
</depletion>
<LinkPara BOR="600.0" ControlRod="no" TFU="866.15" TMO="550.15"/>
</restart>
<restart begin="yes">
<material BOR="800.0" ID="255" ResetAll="yes" pressure="15.5" temperature="550.15"/>
<leakage buckling="0.0" mode="no"/>
<depletion power="40.0126975752">
<BurnStep>0.0</BurnStep>
</depletion>
<LinkPara BOR="800.0" ControlRod="no" TFU="866.15" TMO="550.15"/>
</restart>
<restart begin="yes">
<material BOR="1000.0" ID="255" ResetAll="yes" pressure="15.5" temperature="550.15"/>
<leakage buckling="0.0" mode="no"/>
<depletion power="40.0126975752">
<BurnStep>0.0</BurnStep>
</depletion>
<LinkPara BOR="1000.0" ControlRod="no" TFU="866.15" TMO="550.15"/>
</restart>
<restart begin="yes">
<material BOR="1200.0" ID="255" ResetAll="yes" pressure="15.5" temperature="550.15"/>
<leakage buckling="0.0" mode="no"/>
<depletion power="40.0126975752">
<BurnStep>0.0</BurnStep>
</depletion>
<LinkPara BOR="1200.0" ControlRod="no" TFU="866.15" TMO="550.15"/>
</restart>
<restart begin="yes">
<material BOR="1400.0" ID="255" ResetAll="yes" pressure="15.5" temperature="550.15"/>
<leakage buckling="0.0" mode="no"/>
<depletion power="40.0126975752">
<BurnStep>0.0</BurnStep>
</depletion>
<LinkPara BOR="1400.0" ControlRod="no" TFU="866.15" TMO="550.15"/>
</restart>
<restart begin="yes">
<material BOR="1600.0" ID="255" ResetAll="yes" pressure="15.5" temperature="550.15"/>
<leakage buckling="0.0" mode="no"/>
<depletion power="40.0126975752">
<BurnStep>0.0</BurnStep>
</depletion>
<LinkPara BOR="1600.0" ControlRod="no" TFU="866.15" TMO="550.15"/>
</restart>
<restart begin="yes">
<material BOR="1800.0" ID="255" ResetAll="yes" pressure="15.5" temperature="550.15"/>
<leakage buckling="0.0" mode="no"/>
<depletion power="40.0126975752">
<BurnStep>0.0</BurnStep>
</depletion>
<LinkPara BOR="1800.0" ControlRod="no" TFU="866.15" TMO="550.15"/>
</restart>
<restart begin="yes">
<material BOR="0.0" ID="255" ResetAll="yes" pressure="15.5" temperature="571.65"/>
<leakage buckling="0.0" mode="no"/>
<depletion power="40.0126975752">
<BurnStep>0.0</BurnStep>
</depletion>
<LinkPara BOR="0.0" ControlRod="no" TFU="866.15" TMO="571.65"/>
</restart>
<restart begin="yes">
<material BOR="200.0" ID="255" ResetAll="yes" pressure="15.5" temperature="571.65"/>
<leakage buckling="0.0" mode="no"/>
<depletion power="40.0126975752">
<BurnStep>0.0</BurnStep>
</depletion>
<LinkPara BOR="200.0" ControlRod="no" TFU="866.15" TMO="571.65"/>
</restart>
<restart begin="yes">
<material BOR="400.0" ID="255" ResetAll="yes" pressure="15.5" temperature="571.65"/>
<leakage buckling="0.0" mode="no"/>
<depletion power="40.0126975752">
<BurnStep>0.0</BurnStep>
</depletion>
<LinkPara BOR="400.0" ControlRod="no" TFU="866.15" TMO="571.65"/>
</restart>
<restart begin="yes">
<material BOR="600.0" ID="255" ResetAll="yes" pressure="15.5" temperature="571.65"/>
<leakage buckling="0.0" mode="no"/>
<depletion power="40.0126975752">
<BurnStep>0.0</BurnStep>
</depletion>
<LinkPara BOR="600.0" ControlRod="no" TFU="866.15" TMO="571.65"/>
</restart>
<restart begin="yes">
<material BOR="1000.0" ID="255" ResetAll="yes" pressure="15.5" temperature="571.65"/>
<leakage buckling="0.0" mode="no"/>
<depletion power="40.0126975752">
<BurnStep>0.0</BurnStep>
</depletion>
<LinkPara BOR="1000.0" ControlRod="no" TFU="866.15" TMO="571.65"/>
</restart>
<restart begin="yes">
<material BOR="1200.0" ID="255" ResetAll="yes" pressure="15.5" temperature="571.65"/>
<leakage buckling="0.0" mode="no"/>
<depletion power="40.0126975752">
<BurnStep>0.0</BurnStep>
</depletion>
<LinkPara BOR="1200.0" ControlRod="no" TFU="866.15" TMO="571.65"/>
</restart>
<restart begin="yes">
<material BOR="1400.0" ID="255" ResetAll="yes" pressure="15.5" temperature="571.65"/>
<leakage buckling="0.0" mode="no"/>
<depletion power="40.0126975752">
<BurnStep>0.0</BurnStep>
</depletion>
<LinkPara BOR="1400.0" ControlRod="no" TFU="866.15" TMO="571.65"/>
</restart>
<restart begin="yes">
<material BOR="1600.0" ID="255" ResetAll="yes" pressure="15.5" temperature="571.65"/>
<leakage buckling="0.0" mode="no"/>
<depletion power="40.0126975752">
<BurnStep>0.0</BurnStep>
</depletion>
<LinkPara BOR="1600.0" ControlRod="no" TFU="866.15" TMO="571.65"/>
</restart>
<restart begin="yes">
<material BOR="1800.0" ID="255" ResetAll="yes" pressure="15.5" temperature="571.65"/>
<leakage buckling="0.0" mode="no"/>
<depletion power="40.0126975752">
<BurnStep>0.0</BurnStep>
</depletion>
<LinkPara BOR="1800.0" ControlRod="no" TFU="866.15" TMO="571.65"/>
</restart>
<restart begin="yes">
<material BOR="0.0" ID="255" ResetAll="yes" pressure="15.5" temperature="591.675"/>
<leakage buckling="0.0" mode="no"/>
<depletion power="40.0126975752">
<BurnStep>0.0</BurnStep>
</depletion>
<LinkPara BOR="0.0" ControlRod="no" TFU="866.15" TMO="591.675"/>
</restart>
<restart begin="yes">
<material BOR="200.0" ID="255" ResetAll="yes" pressure="15.5" temperature="591.675"/>
<leakage buckling="0.0" mode="no"/>
<depletion power="40.0126975752">
<BurnStep>0.0</BurnStep>
</depletion>
<LinkPara BOR="200.0" ControlRod="no" TFU="866.15" TMO="591.675"/>
</restart>
<restart begin="yes">
<material BOR="400.0" ID="255" ResetAll="yes" pressure="15.5" temperature="591.675"/>
<leakage buckling="0.0" mode="no"/>
<depletion power="40.0126975752">
<BurnStep>0.0</BurnStep>
</depletion>
<LinkPara BOR="400.0" ControlRod="no" TFU="866.15" TMO="591.675"/>
</restart>
<restart begin="yes">
<material BOR="600.0" ID="255" ResetAll="yes" pressure="15.5" temperature="591.675"/>
<leakage buckling="0.0" mode="no"/>
<depletion power="40.0126975752">
<BurnStep>0.0</BurnStep>
</depletion>
<LinkPara BOR="600.0" ControlRod="no" TFU="866.15" TMO="591.675"/>
</restart>
<restart begin="yes">
<material BOR="800.0" ID="255" ResetAll="yes" pressure="15.5" temperature="591.675"/>
<leakage buckling="0.0" mode="no"/>
<depletion power="40.0126975752">
<BurnStep>0.0</BurnStep>
</depletion>
<LinkPara BOR="800.0" ControlRod="no" TFU="866.15" TMO="591.675"/>
</restart>
<restart begin="yes">
<material BOR="1000.0" ID="255" ResetAll="yes" pressure="15.5" temperature="591.675"/>
<leakage buckling="0.0" mode="no"/>
<depletion power="40.0126975752">
<BurnStep>0.0</BurnStep>
</depletion>
<LinkPara BOR="1000.0" ControlRod="no" TFU="866.15" TMO="591.675"/>
</restart>
<restart begin="yes">
<material BOR="1200.0" ID="255" ResetAll="yes" pressure="15.5" temperature="591.675"/>
<leakage buckling="0.0" mode="no"/>
<depletion power="40.0126975752">
<BurnStep>0.0</BurnStep>
</depletion>
<LinkPara BOR="1200.0" ControlRod="no" TFU="866.15" TMO="591.675"/>
</restart>
<restart begin="yes">
<material BOR="1400.0" ID="255" ResetAll="yes" pressure="15.5" temperature="591.675"/>
<leakage buckling="0.0" mode="no"/>
<depletion power="40.0126975752">
<BurnStep>0.0</BurnStep>
</depletion>
<LinkPara BOR="1400.0" ControlRod="no" TFU="866.15" TMO="591.675"/>
</restart>
<restart begin="yes">
<material BOR="1600.0" ID="255" ResetAll="yes" pressure="15.5" temperature="591.675"/>
<leakage buckling="0.0" mode="no"/>
<depletion power="40.0126975752">
<BurnStep>0.0</BurnStep>
</depletion>
<LinkPara BOR="1600.0" ControlRod="no" TFU="866.15" TMO="591.675"/>
</restart>
<restart begin="yes">
<material BOR="1800.0" ID="255" ResetAll="yes" pressure="15.5" temperature="591.675"/>
<leakage buckling="0.0" mode="no"/>
<depletion power="40.0126975752">
<BurnStep>0.0</BurnStep>
</depletion>
<LinkPara BOR="1800.0" ControlRod="no" TFU="866.15" TMO="591.675"/>
</restart>
<restart begin="yes">
<material BOR="0.0" ID="255" ResetAll="yes" pressure="15.5" temperature="611.77"/>
<leakage buckling="0.0" mode="no"/>
<depletion power="40.0126975752">
<BurnStep>0.0</BurnStep>
</depletion>
<LinkPara BOR="0.0" ControlRod="no" TFU="866.15" TMO="611.77"/>
</restart>
<restart begin="yes">
<material BOR="200.0" ID="255" ResetAll="yes" pressure="15.5" temperature="611.77"/>
<leakage buckling="0.0" mode="no"/>
<depletion power="40.0126975752">
<BurnStep>0.0</BurnStep>
</depletion>
<LinkPara BOR="200.0" ControlRod="no" TFU="866.15" TMO="611.77"/>
</restart>
<restart begin="yes">
<material BOR="400.0" ID="255" ResetAll="yes" pressure="15.5" temperature="611.77"/>
<leakage buckling="0.0" mode="no"/>
<depletion power="40.0126975752">
<BurnStep>0.0</BurnStep>
</depletion>
<LinkPara BOR="400.0" ControlRod="no" TFU="866.15" TMO="611.77"/>
</restart>
<restart begin="yes">
<material BOR="600.0" ID="255" ResetAll="yes" pressure="15.5" temperature="611.77"/>
<leakage buckling="0.0" mode="no"/>
<depletion power="40.0126975752">
<BurnStep>0.0</BurnStep>
</depletion>
<LinkPara BOR="600.0" ControlRod="no" TFU="866.15" TMO="611.77"/>
</restart>
<restart begin="yes">
<material BOR="800.0" ID="255" ResetAll="yes" pressure="15.5" temperature="611.77"/>
<leakage buckling="0.0" mode="no"/>
<depletion power="40.0126975752">
<BurnStep>0.0</BurnStep>
</depletion>
<LinkPara BOR="800.0" ControlRod="no" TFU="866.15" TMO="611.77"/>
</restart>
<restart begin="yes">
<material BOR="1000.0" ID="255" ResetAll="yes" pressure="15.5" temperature="611.77"/>
<leakage buckling="0.0" mode="no"/>
<depletion power="40.0126975752">
<BurnStep>0.0</BurnStep>
</depletion>
<LinkPara BOR="1000.0" ControlRod="no" TFU="866.15" TMO="611.77"/>
</restart>
<restart begin="yes">
<material BOR="1200.0" ID="255" ResetAll="yes" pressure="15.5" temperature="611.77"/>
<leakage buckling="0.0" mode="no"/>
<depletion power="40.0126975752">
<BurnStep>0.0</BurnStep>
</depletion>
<LinkPara BOR="1200.0" ControlRod="no" TFU="866.15" TMO="611.77"/>
</restart>
<restart begin="yes">
<material BOR="1400.0" ID="255" ResetAll="yes" pressure="15.5" temperature="611.77"/>
<leakage buckling="0.0" mode="no"/>
<depletion power="40.0126975752">
<BurnStep>0.0</BurnStep>
</depletion>
<LinkPara BOR="1400.0" ControlRod="no" TFU="866.15" TMO="611.77"/>
</restart>
<restart begin="yes">
<material BOR="1600.0" ID="255" ResetAll="yes" pressure="15.5" temperature="611.77"/>
<leakage buckling="0.0" mode="no"/>
<depletion power="40.0126975752">
<BurnStep>0.0</BurnStep>
</depletion>
<LinkPara BOR="1600.0" ControlRod="no" TFU="866.15" TMO="611.77"/>
</restart>
<restart begin="yes">
<material BOR="1800.0" ID="255" ResetAll="yes" pressure="15.5" temperature="611.77"/>
<leakage buckling="0.0" mode="no"/>
<depletion power="40.0126975752">
<BurnStep>0.0</BurnStep>
</depletion>
<LinkPara BOR="1800.0" ControlRod="no" TFU="866.15" TMO="611.77"/>
</restart>
</input>
