<?xml version="1.0" ?>
<input>
<path>
<WIMSNdir>E:\BLattice\database\ENDF70.69\WIMSN\WIMSNdir.xml</WIMSNdir>
<subdir>E:\BLattice\database\ENDF70.69\LSQsub\LSQsubdir.xml</subdir>
<DepFile>E:\BLattice\database\DepFile\lavender.dat</DepFile>
</path>
<settings>
<transport_correction>yes</transport_correction>
<nxs_correction>yes</nxs_correction>
<tr_cor_mode>inflow</tr_cor_mode>
<SXRFactor>0.4</SXRFactor>
<fismatrix/>
<energy_sph>yes</energy_sph>
<res_option>no</res_option>
<XEN>no</XEN>
<diff_coe>tr</diff_coe>
<macro_calc>no</macro_calc>
<homo Mode="6" NumCGrps="2" PinOut="0" RefMap="2" SPn="1"/>
<LinkPara BOR="800.0" ControlRod="no" TFU="866.15" TMO="571.65"/>
</settings>
<material ID="1" temperature="866.15">
<nuclide alias="U234" density="5.692882e-06"/>
<nuclide alias="U235" density="0.0007116102"/>
<nuclide alias="U238" density="0.02223786"/>
<nuclide alias="O16" density="0.04591034"/>
</material>
<material ID="2" temperature="571.65">
<nuclide alias="He4" density="0.000238438"/>
</material>
<material ID="3" temperature="571.65">
<nuclide alias="Zrnat" density="0.042430686"/>
<nuclide alias="Sn112" density="4.89374e-06"/>
<nuclide alias="Sn114" density="3.27135e-06"/>
<nuclide alias="Sn115" density="1.67057e-06"/>
<nuclide alias="Sn116" density="7.08258e-05"/>
<nuclide alias="Sn117" density="3.70897e-05"/>
<nuclide alias="Sn118" density="0.000115977"/>
<nuclide alias="Sn119" density="4.07866e-05"/>
<nuclide alias="Sn120" density="0.000153406"/>
<nuclide alias="Sn122" density="2.1443e-05"/>
<nuclide alias="Sn124" density="2.6382e-05"/>
<nuclide alias="Fe54" density="8.97511e-06"/>
<nuclide alias="Fe56" density="0.000135865"/>
<nuclide alias="Fe57" density="3.08261e-06"/>
<nuclide alias="Fe58" density="4.03171e-07"/>
<nuclide alias="Cr50" density="3.43472e-06"/>
<nuclide alias="Cr52" density="6.36185e-05"/>
<nuclide alias="Cr53" density="7.0775e-06"/>
<nuclide alias="Cr54" density="1.72914e-06"/>
<nuclide alias="O16" density="0.000308255"/>
<nuclide alias="Cnat" density="4.6014e-05"/>
</material>
<material ID="4" temperature="571.65">
<nuclide alias="Cr50" density="0.000797457"/>
<nuclide alias="Cr52" density="0.0147707"/>
<nuclide alias="Cr53" density="0.00164322"/>
<nuclide alias="Cr54" density="0.000401465"/>
<nuclide alias="Fe54" density="0.00367275"/>
<nuclide alias="Fe56" density="0.055598"/>
<nuclide alias="Fe57" density="0.00126145"/>
<nuclide alias="Fe58" density="0.000164984"/>
<nuclide alias="Ni58" density="0.0053084"/>
<nuclide alias="Ni60" density="0.0019767"/>
<nuclide alias="Ni61" density="8.4523e-05"/>
<nuclide alias="Ni62" density="0.0002651"/>
<nuclide alias="Ni64" density="6.5438e-05"/>
</material>
<material BOR="800.0" ID="255" pressure="15.5" temperature="571.65">
<nuclide alias="HinH2O" density=""/>
<nuclide alias="O16" density=""/>
<nuclide alias="B10s" density=""/>
<nuclide alias="B11s" density=""/>
</material>
<SubGeo HalfWidth="0.63" ID="1" NumLines1st="5" NumLines2nd="8" SubType="1">
<Angle1st>0</Angle1st>
<Ring1st>5</Ring1st>
<GapType>0</GapType>
<GapWidth>0.0</GapWidth>
<Lines1st>
0.2364249352
0.3343553499
0.4095
0.418
0.475
</Lines1st>
<Lines2nd/>
</SubGeo>
<SubMat ID="1" SubID="1">
<MatIDs>
1
1
1
2
3
255
</MatIDs>
</SubMat>
<SubGeo HalfWidth="0.63" ID="10001" NumLines1st="5" NumLines2nd="8" SubType="1">
<Angle1st>0</Angle1st>
<Ring1st>5</Ring1st>
<GapType>1</GapType>
<GapWidth>0.042</GapWidth>
<Lines1st>
0.2364249352
0.3343553499
0.4095
0.418
0.475
</Lines1st>
<Lines2nd/>
</SubGeo>
<SubMat ID="10001" SubID="10001">
<MatIDs>
1
1
1
2
3
255
</MatIDs>
</SubMat>
<SubGeo HalfWidth="0.63" ID="20001" NumLines1st="5" NumLines2nd="8" SubType="1">
<Angle1st>0</Angle1st>
<Ring1st>5</Ring1st>
<GapType>2</GapType>
<GapWidth>0.042</GapWidth>
<Lines1st>
0.2364249352
0.3343553499
0.4095
0.418
0.475
</Lines1st>
<Lines2nd/>
</SubGeo>
<SubMat ID="20001" SubID="20001">
<MatIDs>
1
1
1
2
3
255
</MatIDs>
</SubMat>
<SubGeo HalfWidth="0.63" ID="30001" NumLines1st="5" NumLines2nd="8" SubType="1">
<Angle1st>0</Angle1st>
<Ring1st>5</Ring1st>
<GapType>3</GapType>
<GapWidth>0.042</GapWidth>
<Lines1st>
0.2364249352
0.3343553499
0.4095
0.418
0.475
</Lines1st>
<Lines2nd/>
</SubGeo>
<SubMat ID="30001" SubID="30001">
<MatIDs>
1
1
1
2
3
255
</MatIDs>
</SubMat>
<SubGeo HalfWidth="0.63" ID="40001" NumLines1st="5" NumLines2nd="8" SubType="1">
<Angle1st>0</Angle1st>
<Ring1st>5</Ring1st>
<GapType>4</GapType>
<GapWidth>0.042</GapWidth>
<Lines1st>
0.2364249352
0.3343553499
0.4095
0.418
0.475
</Lines1st>
<Lines2nd/>
</SubGeo>
<SubMat ID="40001" SubID="40001">
<MatIDs>
1
1
1
2
3
255
</MatIDs>
</SubMat>
<SubGeo HalfWidth="0.63" ID="50001" NumLines1st="5" NumLines2nd="8" SubType="1">
<Angle1st>0</Angle1st>
<Ring1st>5</Ring1st>
<GapType>14</GapType>
<GapWidth>0.042</GapWidth>
<Lines1st>
0.2364249352
0.3343553499
0.4095
0.418
0.475
</Lines1st>
<Lines2nd/>
</SubGeo>
<SubMat ID="50001" SubID="50001">
<MatIDs>
1
1
1
2
3
255
</MatIDs>
</SubMat>
<SubGeo HalfWidth="0.63" ID="60001" NumLines1st="5" NumLines2nd="8" SubType="1">
<Angle1st>0</Angle1st>
<Ring1st>5</Ring1st>
<GapType>21</GapType>
<GapWidth>0.042</GapWidth>
<Lines1st>
0.2364249352
0.3343553499
0.4095
0.418
0.475
</Lines1st>
<Lines2nd/>
</SubGeo>
<SubMat ID="60001" SubID="60001">
<MatIDs>
1
1
1
2
3
255
</MatIDs>
</SubMat>
<SubGeo HalfWidth="0.63" ID="70001" NumLines1st="5" NumLines2nd="8" SubType="1">
<Angle1st>0</Angle1st>
<Ring1st>5</Ring1st>
<GapType>32</GapType>
<GapWidth>0.042</GapWidth>
<Lines1st>
0.2364249352
0.3343553499
0.4095
0.418
0.475
</Lines1st>
<Lines2nd/>
</SubGeo>
<SubMat ID="70001" SubID="70001">
<MatIDs>
1
1
1
2
3
255
</MatIDs>
</SubMat>
<SubGeo HalfWidth="0.63" ID="80001" NumLines1st="5" NumLines2nd="8" SubType="1">
<Angle1st>0</Angle1st>
<Ring1st>5</Ring1st>
<GapType>43</GapType>
<GapWidth>0.042</GapWidth>
<Lines1st>
0.2364249352
0.3343553499
0.4095
0.418
0.475
</Lines1st>
<Lines2nd/>
</SubGeo>
<SubMat ID="80001" SubID="80001">
<MatIDs>
1
1
1
2
3
255
</MatIDs>
</SubMat>
<SubGeo HalfWidth="0.63" ID="2" NumLines1st="4" NumLines2nd="8" SubType="1">
<Angle1st>0</Angle1st>
<Ring1st>4</Ring1st>
<GapType>0</GapType>
<GapWidth>0.0</GapWidth>
<Lines1st>
0.3305330291
0.4674442926
0.5725
0.6225
</Lines1st>
<Lines2nd/>
</SubGeo>
<SubMat ID="2" SubID="2">
<MatIDs>
255
255
255
3
255
</MatIDs>
</SubMat>
<SubGeo HalfWidth="0.651" ID="3" NumLines1st="6" NumLines2nd="6" SubType="7">
<Angle1st>0</Angle1st>
<Ring1st>0</Ring1st>
<GapType>0</GapType>
<GapWidth>0.0</GapWidth>
<Lines1st>
0.2
0.2604
0.5208
0.7812
1.0416
1.302
</Lines1st>
<Lines2nd>
0.217
0.434
0.651
0.868
1.085
1.302
</Lines2nd>
</SubGeo>
<SubMat ID="3" SubID="3">
<MatIDs>
255 4 4 4 4 4 
255 4 4 4 4 4 
255 4 4 4 4 4 
255 4 4 4 4 4 
255 4 4 4 4 4 
255 4 4 4 4 4 
</MatIDs>
</SubMat>
<SubGeo HalfWidth="0.63" ID="4" NumLines1st="5" NumLines2nd="5" SubType="7">
<Angle1st>0</Angle1st>
<Ring1st>0</Ring1st>
<GapType>3</GapType>
<GapWidth>0.042</GapWidth>
<Lines1st>
0.252
0.504
0.756
1.008
1.26
</Lines1st>
<Lines2nd>
0.252
0.504
0.756
1.008
1.302
</Lines2nd>
</SubGeo>
<SubMat ID="4" SubID="4">
<MatIDs>
4 4 4 4 4 
4 4 4 4 4 
4 4 4 4 4 
4 4 4 4 4 
4 4 4 4 4 
</MatIDs>
</SubMat>
<SubGeo HalfWidth="0.63" ID="5" NumLines1st="6" NumLines2nd="6" SubType="7">
<Angle1st>0</Angle1st>
<Ring1st>0</Ring1st>
<GapType>3</GapType>
<GapWidth>0.042</GapWidth>
<Lines1st>
0.252
0.378
0.504
0.756
1.008
1.26
</Lines1st>
<Lines2nd>
0.21
0.42
0.63
0.84
1.05
1.302
</Lines2nd>
</SubGeo>
<SubMat ID="5" SubID="5">
<MatIDs>
4 4 255 255 255 255 
4 4 255 255 255 255 
4 4 255 255 255 255 
4 4 255 255 255 255 
4 4 255 255 255 255 
4 4 255 255 255 255 
</MatIDs>
</SubMat>
<SubGeo HalfWidth="0.63" ID="6" NumLines1st="5" NumLines2nd="5" SubType="7">
<Angle1st>0</Angle1st>
<Ring1st>0</Ring1st>
<GapType>3</GapType>
<GapWidth>0.042</GapWidth>
<Lines1st>
0.252
0.504
0.756
1.008
1.26
</Lines1st>
<Lines2nd>
0.252
0.504
0.756
1.008
1.302
</Lines2nd>
</SubGeo>
<SubMat ID="6" SubID="6">
<MatIDs>
255 255 255 255 255 
255 255 255 255 255 
255 255 255 255 255 
255 255 255 255 255 
255 255 255 255 255 
</MatIDs>
</SubMat>
<SubGeo HalfWidth="0.651" ID="7" NumLines1st="5" NumLines2nd="5" SubType="7">
<Angle1st>0</Angle1st>
<Ring1st>0</Ring1st>
<GapType>0</GapType>
<GapWidth>0.0</GapWidth>
<Lines1st>
0.2604
0.5208
0.7812
1.0416
1.302
</Lines1st>
<Lines2nd>
0.2604
0.5208
0.7812
1.0416
1.302
</Lines2nd>
</SubGeo>
<SubMat ID="7" SubID="7">
<MatIDs>
255 255 255 255 255 
255 255 255 255 255 
255 255 255 255 255 
255 255 255 255 255 
255 255 255 255 255 
</MatIDs>
</SubMat>
<SubGeo HalfWidth="0.63" ID="8" NumLines1st="6" NumLines2nd="6" SubType="7">
<Angle1st>0</Angle1st>
<Ring1st>0</Ring1st>
<GapType>4</GapType>
<GapWidth>0.042</GapWidth>
<Lines1st>
0.2
0.2604
0.5208
0.7812
1.0416
1.302
</Lines1st>
<Lines2nd>
0.217
0.434
0.651
0.868
1.085
1.26
</Lines2nd>
</SubGeo>
<SubMat ID="8" SubID="8">
<MatIDs>
255 4 4 4 4 4 
255 4 4 4 4 4 
255 4 4 4 4 4 
255 4 4 4 4 4 
255 4 4 4 4 4 
255 4 4 4 4 4 
</MatIDs>
</SubMat>
<SubGeo HalfWidth="0.63" ID="9" NumLines1st="5" NumLines2nd="5" SubType="7">
<Angle1st>0</Angle1st>
<Ring1st>0</Ring1st>
<GapType>0</GapType>
<GapWidth>0.0</GapWidth>
<Lines1st>
0.252
0.504
0.756
1.008
1.26
</Lines1st>
<Lines2nd>
0.252
0.504
0.756
1.008
1.26
</Lines2nd>
</SubGeo>
<SubMat ID="9" SubID="9">
<MatIDs>
4 4 4 4 4 
4 4 4 4 4 
4 4 4 4 4 
4 4 4 4 4 
4 4 4 4 4 
</MatIDs>
</SubMat>
<SubGeo HalfWidth="0.63" ID="10" NumLines1st="6" NumLines2nd="6" SubType="7">
<Angle1st>0</Angle1st>
<Ring1st>0</Ring1st>
<GapType>0</GapType>
<GapWidth>0.0</GapWidth>
<Lines1st>
0.252
0.378
0.504
0.756
1.008
1.26
</Lines1st>
<Lines2nd>
0.21
0.42
0.63
0.84
1.05
1.26
</Lines2nd>
</SubGeo>
<SubMat ID="10" SubID="10">
<MatIDs>
4 4 255 255 255 255 
4 4 255 255 255 255 
4 4 255 255 255 255 
4 4 255 255 255 255 
4 4 255 255 255 255 
4 4 255 255 255 255 
</MatIDs>
</SubMat>
<SubGeo HalfWidth="0.63" ID="11" NumLines1st="5" NumLines2nd="5" SubType="7">
<Angle1st>0</Angle1st>
<Ring1st>0</Ring1st>
<GapType>0</GapType>
<GapWidth>0.0</GapWidth>
<Lines1st>
0.252
0.504
0.756
1.008
1.26
</Lines1st>
<Lines2nd>
0.252
0.504
0.756
1.008
1.26
</Lines2nd>
</SubGeo>
<SubMat ID="11" SubID="11">
<MatIDs>
255 255 255 255 255 
255 255 255 255 255 
255 255 255 255 255 
255 255 255 255 255 
255 255 255 255 255 
</MatIDs>
</SubMat>
<SubGeo HalfWidth="0.63" ID="12" NumLines1st="5" NumLines2nd="5" SubType="7">
<Angle1st>0</Angle1st>
<Ring1st>0</Ring1st>
<GapType>4</GapType>
<GapWidth>0.042</GapWidth>
<Lines1st>
0.2604
0.5208
0.7812
1.0416
1.302
</Lines1st>
<Lines2nd>
0.2604
0.5208
0.7812
1.0416
1.26
</Lines2nd>
</SubGeo>
<SubMat ID="12" SubID="12">
<MatIDs>
255 255 255 255 255 
255 255 255 255 255 
255 255 255 255 255 
255 255 255 255 255 
255 255 255 255 255 
</MatIDs>
</SubMat>
<ModGeo ID="1" ModType="1" NumSubXs="17" NumSubYs="17">
<L>
70001 30001 30001 30001 30001 30001 30001 30001 30001 30001 30001 30001 30001 30001 30001 30001 80001
20001     1     1     1     1     1     1     1     1     1     1     1     1     1     1     1 40001
20001     1     1     1     1     2     1     1     2     1     1     2     1     1     1     1 40001
20001     1     1     2     1     1     1     1     1     1     1     1     1     2     1     1 40001
20001     1     1     1     1     1     1     1     1     1     1     1     1     1     1     1 40001
20001     1     2     1     1     2     1     1     2     1     1     2     1     1     2     1 40001
20001     1     1     1     1     1     1     1     1     1     1     1     1     1     1     1 40001
20001     1     1     1     1     1     1     1     1     1     1     1     1     1     1     1 40001
20001     1     2     1     1     2     1     1     2     1     1     2     1     1     2     1 40001
20001     1     1     1     1     1     1     1     1     1     1     1     1     1     1     1 40001
20001     1     1     1     1     1     1     1     1     1     1     1     1     1     1     1 40001
20001     1     2     1     1     2     1     1     2     1     1     2     1     1     2     1 40001
20001     1     1     1     1     1     1     1     1     1     1     1     1     1     1     1 40001
20001     1     1     2     1     1     1     1     1     1     1     1     1     2     1     1 40001
20001     1     1     1     1     2     1     1     2     1     1     2     1     1     1     1 40001
20001     1     1     1     1     1     1     1     1     1     1     1     1     1     1     1 40001
60001 10001 10001 10001 10001 10001 10001 10001 10001 10001 10001 10001 10001 10001 10001 10001 50001
</L>
</ModGeo>
<ModMat ID="1" ModID="1" NumSubXs="17" NumSubYs="17">
<L>
70001 30001 30001 30001 30001 30001 30001 30001 30001 30001 30001 30001 30001 30001 30001 30001 80001
20001     1     1     1     1     1     1     1     1     1     1     1     1     1     1     1 40001
20001     1     1     1     1     2     1     1     2     1     1     2     1     1     1     1 40001
20001     1     1     2     1     1     1     1     1     1     1     1     1     2     1     1 40001
20001     1     1     1     1     1     1     1     1     1     1     1     1     1     1     1 40001
20001     1     2     1     1     2     1     1     2     1     1     2     1     1     2     1 40001
20001     1     1     1     1     1     1     1     1     1     1     1     1     1     1     1 40001
20001     1     1     1     1     1     1     1     1     1     1     1     1     1     1     1 40001
20001     1     2     1     1     2     1     1     2     1     1     2     1     1     2     1 40001
20001     1     1     1     1     1     1     1     1     1     1     1     1     1     1     1 40001
20001     1     1     1     1     1     1     1     1     1     1     1     1     1     1     1 40001
20001     1     2     1     1     2     1     1     2     1     1     2     1     1     2     1 40001
20001     1     1     1     1     1     1     1     1     1     1     1     1     1     1     1 40001
20001     1     1     2     1     1     1     1     1     1     1     1     1     2     1     1 40001
20001     1     1     1     1     2     1     1     2     1     1     2     1     1     1     1 40001
20001     1     1     1     1     1     1     1     1     1     1     1     1     1     1     1 40001
60001 10001 10001 10001 10001 10001 10001 10001 10001 10001 10001 10001 10001 10001 10001 10001 50001
</L>
</ModMat>
<ModGeo ID="2" ModType="1" NumSubXs="17" NumSubYs="17">
<L>
    3     4     4     5     6     6     6     6     6     6     6     6     6     6     6     6     7 
    8     9     9    10    11    11    11    11    11    11    11    11    11    11    11    11    12 
    8     9     9    10    11    11    11    11    11    11    11    11    11    11    11    11    12 
    8     9     9    10    11    11    11    11    11    11    11    11    11    11    11    11    12 
    8     9     9    10    11    11    11    11    11    11    11    11    11    11    11    11    12 
    8     9     9    10    11    11    11    11    11    11    11    11    11    11    11    11    12 
    8     9     9    10    11    11    11    11    11    11    11    11    11    11    11    11    12 
    8     9     9    10    11    11    11    11    11    11    11    11    11    11    11    11    12 
    8     9     9    10    11    11    11    11    11    11    11    11    11    11    11    11    12 
    8     9     9    10    11    11    11    11    11    11    11    11    11    11    11    11    12 
    8     9     9    10    11    11    11    11    11    11    11    11    11    11    11    11    12 
    8     9     9    10    11    11    11    11    11    11    11    11    11    11    11    11    12 
    8     9     9    10    11    11    11    11    11    11    11    11    11    11    11    11    12 
    8     9     9    10    11    11    11    11    11    11    11    11    11    11    11    11    12 
    8     9     9    10    11    11    11    11    11    11    11    11    11    11    11    11    12 
    8     9     9    10    11    11    11    11    11    11    11    11    11    11    11    11    12 
    3     4     4     5     6     6     6     6     6     6     6     6     6     6     6     6     7 
</L>
</ModGeo>
<ModMat ID="2" ModID="2" NumSubXs="17" NumSubYs="17">
<L>
    3     4     4     5     6     6     6     6     6     6     6     6     6     6     6     6     7 
    8     9     9    10    11    11    11    11    11    11    11    11    11    11    11    11    12 
    8     9     9    10    11    11    11    11    11    11    11    11    11    11    11    11    12 
    8     9     9    10    11    11    11    11    11    11    11    11    11    11    11    11    12 
    8     9     9    10    11    11    11    11    11    11    11    11    11    11    11    11    12 
    8     9     9    10    11    11    11    11    11    11    11    11    11    11    11    11    12 
    8     9     9    10    11    11    11    11    11    11    11    11    11    11    11    11    12 
    8     9     9    10    11    11    11    11    11    11    11    11    11    11    11    11    12 
    8     9     9    10    11    11    11    11    11    11    11    11    11    11    11    11    12 
    8     9     9    10    11    11    11    11    11    11    11    11    11    11    11    11    12 
    8     9     9    10    11    11    11    11    11    11    11    11    11    11    11    11    12 
    8     9     9    10    11    11    11    11    11    11    11    11    11    11    11    11    12 
    8     9     9    10    11    11    11    11    11    11    11    11    11    11    11    11    12 
    8     9     9    10    11    11    11    11    11    11    11    11    11    11    11    11    12 
    8     9     9    10    11    11    11    11    11    11    11    11    11    11    11    11    12 
    8     9     9    10    11    11    11    11    11    11    11    11    11    11    11    11    12 
    3     4     4     5     6     6     6     6     6     6     6     6     6     6     6     6     7 
</L>
</ModMat>
<CoreGeo NumModXs="2" NumModYs="1">
<L>1 2</L>
</CoreGeo>
<CoreMat NumModXs="2" NumModYs="1">
<L>1 2</L>
</CoreMat>
<condition azimuthnum="16" polarnum="3" raynum="500">
<boundary bottom="1.0" lean="1.0" left="1.0" right="0.0" top="1.0"/>
</condition>
<depletion power="40.0126975752">
<BurnStep/>
</depletion>
<restart begin="no"/>
<leakage buckling="0.0" mode="no"/>
<criterion FerrInLimit="1.0E-5" FerrOutLimit="1.0E-4" KerrLimit="1.0E-5" MaxNinIter="30" MaxNoutIter="200">
<CMFDMG button="on"/>
<CMFDFG button="off" ngroup="2">
<EGbound>45 69</EGbound>
</CMFDFG>
</criterion>
<condense>
<ConRegMode>0</ConRegMode>
<Grp>45 69</Grp>
<Reg>
<RegNum/>
</Reg>
</condense>
<print>
<option>0 0 0 0 0 0 0 0 0 0</option>
</print>
</input>
